Memory Length,4000,
Trigger Level,0.000E+00,
Source,CH2,
Probe,1X,
Vertical Units,V,
Vertical Scale,1.000E-01,
Vertical Position,-7.960E-01,
Horizontal Units,S,
Horizontal Scale,2.500E+00,
Horizontal Position,0.000E+00,
Horizontal Mode,Roll,
Sampling Period,0.01,
Firmware,V1.03,
Time, 05:05:44,
Mode,Detail,
Waveform Data,
-2.000000E+001,2.84E-1,
-1.999000E+001,2.84E-1,
-1.998000E+001,2.84E-1,
-1.997000E+001,2.84E-1,
-1.996000E+001,2.84E-1,
-1.995000E+001,2.84E-1,
-1.994000E+001,2.84E-1,
-1.993000E+001,2.84E-1,
-1.992000E+001,2.84E-1,
-1.991000E+001,2.84E-1,
-1.990000E+001,2.84E-1,
-1.989000E+001,2.84E-1,
-1.988000E+001,2.84E-1,
-1.987000E+001,2.84E-1,
-1.986000E+001,2.84E-1,
-1.985000E+001,2.84E-1,
-1.984000E+001,2.84E-1,
-1.983000E+001,2.84E-1,
-1.982000E+001,2.84E-1,
-1.981000E+001,2.84E-1,
-1.980000E+001,2.84E-1,
-1.979000E+001,2.84E-1,
-1.978000E+001,2.84E-1,
-1.977000E+001,2.84E-1,
-1.976000E+001,2.84E-1,
-1.975000E+001,2.84E-1,
-1.974000E+001,2.84E-1,
-1.973000E+001,2.84E-1,
-1.972000E+001,2.84E-1,
-1.971000E+001,2.84E-1,
-1.970000E+001,2.84E-1,
-1.969000E+001,2.84E-1,
-1.968000E+001,2.84E-1,
-1.967000E+001,2.84E-1,
-1.966000E+001,2.84E-1,
-1.965000E+001,2.84E-1,
-1.964000E+001,2.84E-1,
-1.963000E+001,2.84E-1,
-1.962000E+001,2.84E-1,
-1.961000E+001,2.84E-1,
-1.960000E+001,2.84E-1,
-1.959000E+001,2.84E-1,
-1.958000E+001,2.84E-1,
-1.957000E+001,2.84E-1,
-1.956000E+001,2.84E-1,
-1.955000E+001,2.84E-1,
-1.954000E+001,2.84E-1,
-1.953000E+001,2.84E-1,
-1.952000E+001,2.84E-1,
-1.951000E+001,2.84E-1,
-1.950000E+001,2.84E-1,
-1.949000E+001,2.84E-1,
-1.948000E+001,2.84E-1,
-1.947000E+001,2.84E-1,
-1.946000E+001,2.84E-1,
-1.945000E+001,2.84E-1,
-1.944000E+001,2.84E-1,
-1.943000E+001,2.84E-1,
-1.942000E+001,2.84E-1,
-1.941000E+001,2.84E-1,
-1.940000E+001,2.84E-1,
-1.939000E+001,2.84E-1,
-1.938000E+001,2.84E-1,
-1.937000E+001,2.84E-1,
-1.936000E+001,2.84E-1,
-1.935000E+001,2.84E-1,
-1.934000E+001,2.84E-1,
-1.933000E+001,2.84E-1,
-1.932000E+001,2.84E-1,
-1.931000E+001,2.84E-1,
-1.930000E+001,2.84E-1,
-1.929000E+001,2.84E-1,
-1.928000E+001,2.84E-1,
-1.927000E+001,2.84E-1,
-1.926000E+001,2.84E-1,
-1.925000E+001,2.84E-1,
-1.924000E+001,2.84E-1,
-1.923000E+001,2.84E-1,
-1.922000E+001,2.84E-1,
-1.921000E+001,2.84E-1,
-1.920000E+001,2.84E-1,
-1.919000E+001,2.84E-1,
-1.918000E+001,2.84E-1,
-1.917000E+001,2.84E-1,
-1.916000E+001,2.84E-1,
-1.915000E+001,2.84E-1,
-1.914000E+001,2.84E-1,
-1.913000E+001,2.84E-1,
-1.912000E+001,2.84E-1,
-1.911000E+001,2.84E-1,
-1.910000E+001,2.84E-1,
-1.909000E+001,2.84E-1,
-1.908000E+001,2.84E-1,
-1.907000E+001,2.84E-1,
-1.906000E+001,2.84E-1,
-1.905000E+001,2.84E-1,
-1.904000E+001,2.84E-1,
-1.903000E+001,2.84E-1,
-1.902000E+001,2.84E-1,
-1.901000E+001,2.84E-1,
-1.900000E+001,2.84E-1,
-1.899000E+001,2.84E-1,
-1.898000E+001,2.84E-1,
-1.897000E+001,2.84E-1,
-1.896000E+001,2.84E-1,
-1.895000E+001,2.84E-1,
-1.894000E+001,2.84E-1,
-1.893000E+001,2.84E-1,
-1.892000E+001,2.84E-1,
-1.891000E+001,2.84E-1,
-1.890000E+001,2.84E-1,
-1.889000E+001,2.84E-1,
-1.888000E+001,2.84E-1,
-1.887000E+001,2.84E-1,
-1.886000E+001,2.84E-1,
-1.885000E+001,2.84E-1,
-1.884000E+001,2.84E-1,
-1.883000E+001,2.84E-1,
-1.882000E+001,2.84E-1,
-1.881000E+001,2.84E-1,
-1.880000E+001,2.84E-1,
-1.879000E+001,2.84E-1,
-1.878000E+001,2.84E-1,
-1.877000E+001,2.84E-1,
-1.876000E+001,2.84E-1,
-1.875000E+001,2.84E-1,
-1.874000E+001,2.84E-1,
-1.873000E+001,2.84E-1,
-1.872000E+001,2.84E-1,
-1.871000E+001,2.84E-1,
-1.870000E+001,2.84E-1,
-1.869000E+001,2.84E-1,
-1.868000E+001,2.84E-1,
-1.867000E+001,2.84E-1,
-1.866000E+001,2.84E-1,
-1.865000E+001,2.84E-1,
-1.864000E+001,2.84E-1,
-1.863000E+001,2.84E-1,
-1.862000E+001,2.84E-1,
-1.861000E+001,2.84E-1,
-1.860000E+001,2.84E-1,
-1.859000E+001,2.84E-1,
-1.858000E+001,2.84E-1,
-1.857000E+001,2.84E-1,
-1.856000E+001,2.84E-1,
-1.855000E+001,2.84E-1,
-1.854000E+001,2.84E-1,
-1.853000E+001,2.84E-1,
-1.852000E+001,2.84E-1,
-1.851000E+001,2.84E-1,
-1.850000E+001,2.84E-1,
-1.849000E+001,2.84E-1,
-1.848000E+001,2.84E-1,
-1.847000E+001,2.84E-1,
-1.846000E+001,2.84E-1,
-1.845000E+001,2.84E-1,
-1.844000E+001,2.84E-1,
-1.843000E+001,2.84E-1,
-1.842000E+001,2.84E-1,
-1.841000E+001,2.84E-1,
-1.840000E+001,2.84E-1,
-1.839000E+001,2.84E-1,
-1.838000E+001,2.84E-1,
-1.837000E+001,2.84E-1,
-1.836000E+001,2.84E-1,
-1.835000E+001,2.84E-1,
-1.834000E+001,2.84E-1,
-1.833000E+001,2.84E-1,
-1.832000E+001,2.84E-1,
-1.831000E+001,2.84E-1,
-1.830000E+001,2.84E-1,
-1.829000E+001,2.84E-1,
-1.828000E+001,2.84E-1,
-1.827000E+001,2.84E-1,
-1.826000E+001,2.84E-1,
-1.825000E+001,2.84E-1,
-1.824000E+001,2.84E-1,
-1.823000E+001,2.84E-1,
-1.822000E+001,2.84E-1,
-1.821000E+001,2.84E-1,
-1.820000E+001,2.84E-1,
-1.819000E+001,2.84E-1,
-1.818000E+001,2.84E-1,
-1.817000E+001,2.84E-1,
-1.816000E+001,2.84E-1,
-1.815000E+001,2.84E-1,
-1.814000E+001,2.84E-1,
-1.813000E+001,2.84E-1,
-1.812000E+001,2.84E-1,
-1.811000E+001,2.84E-1,
-1.810000E+001,2.84E-1,
-1.809000E+001,2.84E-1,
-1.808000E+001,2.84E-1,
-1.807000E+001,2.84E-1,
-1.806000E+001,2.84E-1,
-1.805000E+001,2.84E-1,
-1.804000E+001,2.84E-1,
-1.803000E+001,2.84E-1,
-1.802000E+001,2.84E-1,
-1.801000E+001,2.84E-1,
-1.800000E+001,2.84E-1,
-1.799000E+001,2.84E-1,
-1.798000E+001,2.84E-1,
-1.797000E+001,2.84E-1,
-1.796000E+001,2.84E-1,
-1.795000E+001,2.84E-1,
-1.794000E+001,2.84E-1,
-1.793000E+001,2.84E-1,
-1.792000E+001,2.84E-1,
-1.791000E+001,2.84E-1,
-1.790000E+001,2.84E-1,
-1.789000E+001,2.84E-1,
-1.788000E+001,2.84E-1,
-1.787000E+001,2.84E-1,
-1.786000E+001,2.84E-1,
-1.785000E+001,2.84E-1,
-1.784000E+001,2.84E-1,
-1.783000E+001,2.84E-1,
-1.782000E+001,2.84E-1,
-1.781000E+001,2.84E-1,
-1.780000E+001,2.84E-1,
-1.779000E+001,2.84E-1,
-1.778000E+001,2.84E-1,
-1.777000E+001,2.84E-1,
-1.776000E+001,2.84E-1,
-1.775000E+001,2.84E-1,
-1.774000E+001,2.84E-1,
-1.773000E+001,2.84E-1,
-1.772000E+001,2.84E-1,
-1.771000E+001,2.84E-1,
-1.770000E+001,2.84E-1,
-1.769000E+001,2.84E-1,
-1.768000E+001,2.84E-1,
-1.767000E+001,2.84E-1,
-1.766000E+001,2.84E-1,
-1.765000E+001,2.84E-1,
-1.764000E+001,2.84E-1,
-1.763000E+001,2.84E-1,
-1.762000E+001,2.84E-1,
-1.761000E+001,2.84E-1,
-1.760000E+001,2.84E-1,
-1.759000E+001,2.84E-1,
-1.758000E+001,2.84E-1,
-1.757000E+001,2.84E-1,
-1.756000E+001,2.84E-1,
-1.755000E+001,2.84E-1,
-1.754000E+001,2.84E-1,
-1.753000E+001,2.84E-1,
-1.752000E+001,2.84E-1,
-1.751000E+001,2.84E-1,
-1.750000E+001,2.84E-1,
-1.749000E+001,2.84E-1,
-1.748000E+001,2.84E-1,
-1.747000E+001,2.84E-1,
-1.746000E+001,2.84E-1,
-1.745000E+001,2.84E-1,
-1.744000E+001,2.84E-1,
-1.743000E+001,2.84E-1,
-1.742000E+001,2.84E-1,
-1.741000E+001,2.84E-1,
-1.740000E+001,2.84E-1,
-1.739000E+001,2.84E-1,
-1.738000E+001,2.84E-1,
-1.737000E+001,2.84E-1,
-1.736000E+001,2.84E-1,
-1.735000E+001,2.84E-1,
-1.734000E+001,2.84E-1,
-1.733000E+001,2.84E-1,
-1.732000E+001,2.84E-1,
-1.731000E+001,2.84E-1,
-1.730000E+001,2.84E-1,
-1.729000E+001,2.84E-1,
-1.728000E+001,2.84E-1,
-1.727000E+001,2.84E-1,
-1.726000E+001,2.84E-1,
-1.725000E+001,2.84E-1,
-1.724000E+001,2.84E-1,
-1.723000E+001,2.84E-1,
-1.722000E+001,2.84E-1,
-1.721000E+001,2.84E-1,
-1.720000E+001,2.84E-1,
-1.719000E+001,2.84E-1,
-1.718000E+001,2.84E-1,
-1.717000E+001,2.84E-1,
-1.716000E+001,2.84E-1,
-1.715000E+001,2.84E-1,
-1.714000E+001,2.84E-1,
-1.713000E+001,2.84E-1,
-1.712000E+001,2.84E-1,
-1.711000E+001,2.84E-1,
-1.710000E+001,2.84E-1,
-1.709000E+001,2.84E-1,
-1.708000E+001,2.84E-1,
-1.707000E+001,2.84E-1,
-1.706000E+001,2.84E-1,
-1.705000E+001,2.84E-1,
-1.704000E+001,2.84E-1,
-1.703000E+001,2.84E-1,
-1.702000E+001,2.84E-1,
-1.701000E+001,2.84E-1,
-1.700000E+001,2.84E-1,
-1.699000E+001,2.84E-1,
-1.698000E+001,2.84E-1,
-1.697000E+001,2.84E-1,
-1.696000E+001,2.84E-1,
-1.695000E+001,2.84E-1,
-1.694000E+001,2.84E-1,
-1.693000E+001,2.84E-1,
-1.692000E+001,2.84E-1,
-1.691000E+001,2.84E-1,
-1.690000E+001,2.84E-1,
-1.689000E+001,2.84E-1,
-1.688000E+001,2.84E-1,
-1.687000E+001,2.84E-1,
-1.686000E+001,2.84E-1,
-1.685000E+001,2.84E-1,
-1.684000E+001,2.84E-1,
-1.683000E+001,2.84E-1,
-1.682000E+001,2.84E-1,
-1.681000E+001,2.84E-1,
-1.680000E+001,2.84E-1,
-1.679000E+001,2.84E-1,
-1.678000E+001,2.84E-1,
-1.677000E+001,2.84E-1,
-1.676000E+001,2.84E-1,
-1.675000E+001,2.84E-1,
-1.674000E+001,2.84E-1,
-1.673000E+001,2.84E-1,
-1.672000E+001,2.84E-1,
-1.671000E+001,2.84E-1,
-1.670000E+001,2.84E-1,
-1.669000E+001,2.84E-1,
-1.668000E+001,2.84E-1,
-1.667000E+001,2.84E-1,
-1.666000E+001,2.84E-1,
-1.665000E+001,2.84E-1,
-1.664000E+001,2.84E-1,
-1.663000E+001,2.84E-1,
-1.662000E+001,2.84E-1,
-1.661000E+001,2.84E-1,
-1.660000E+001,2.84E-1,
-1.659000E+001,2.84E-1,
-1.658000E+001,2.84E-1,
-1.657000E+001,2.84E-1,
-1.656000E+001,2.84E-1,
-1.655000E+001,2.84E-1,
-1.654000E+001,2.84E-1,
-1.653000E+001,2.84E-1,
-1.652000E+001,2.84E-1,
-1.651000E+001,2.84E-1,
-1.650000E+001,2.84E-1,
-1.649000E+001,2.84E-1,
-1.648000E+001,2.84E-1,
-1.647000E+001,2.84E-1,
-1.646000E+001,2.84E-1,
-1.645000E+001,2.84E-1,
-1.644000E+001,2.84E-1,
-1.643000E+001,2.84E-1,
-1.642000E+001,2.84E-1,
-1.641000E+001,2.84E-1,
-1.640000E+001,2.84E-1,
-1.639000E+001,2.84E-1,
-1.638000E+001,2.84E-1,
-1.637000E+001,2.84E-1,
-1.636000E+001,2.84E-1,
-1.635000E+001,2.84E-1,
-1.634000E+001,2.84E-1,
-1.633000E+001,2.84E-1,
-1.632000E+001,2.84E-1,
-1.631000E+001,2.84E-1,
-1.630000E+001,2.84E-1,
-1.629000E+001,2.84E-1,
-1.628000E+001,2.84E-1,
-1.627000E+001,2.84E-1,
-1.626000E+001,2.84E-1,
-1.625000E+001,2.84E-1,
-1.624000E+001,2.84E-1,
-1.623000E+001,2.84E-1,
-1.622000E+001,2.84E-1,
-1.621000E+001,2.84E-1,
-1.620000E+001,2.84E-1,
-1.619000E+001,2.84E-1,
-1.618000E+001,2.84E-1,
-1.617000E+001,2.84E-1,
-1.616000E+001,2.84E-1,
-1.615000E+001,2.84E-1,
-1.614000E+001,2.84E-1,
-1.613000E+001,2.84E-1,
-1.612000E+001,2.84E-1,
-1.611000E+001,2.84E-1,
-1.610000E+001,2.84E-1,
-1.609000E+001,2.84E-1,
-1.608000E+001,2.84E-1,
-1.607000E+001,2.84E-1,
-1.606000E+001,2.84E-1,
-1.605000E+001,2.84E-1,
-1.604000E+001,2.84E-1,
-1.603000E+001,2.84E-1,
-1.602000E+001,2.84E-1,
-1.601000E+001,2.84E-1,
-1.600000E+001,2.84E-1,
-1.599000E+001,2.84E-1,
-1.598000E+001,2.84E-1,
-1.597000E+001,2.84E-1,
-1.596000E+001,2.84E-1,
-1.595000E+001,2.84E-1,
-1.594000E+001,2.84E-1,
-1.593000E+001,2.84E-1,
-1.592000E+001,2.84E-1,
-1.591000E+001,2.84E-1,
-1.590000E+001,2.84E-1,
-1.589000E+001,2.84E-1,
-1.588000E+001,2.84E-1,
-1.587000E+001,2.84E-1,
-1.586000E+001,2.84E-1,
-1.585000E+001,2.84E-1,
-1.584000E+001,2.84E-1,
-1.583000E+001,2.84E-1,
-1.582000E+001,2.84E-1,
-1.581000E+001,2.84E-1,
-1.580000E+001,2.84E-1,
-1.579000E+001,2.84E-1,
-1.578000E+001,2.84E-1,
-1.577000E+001,2.84E-1,
-1.576000E+001,2.84E-1,
-1.575000E+001,2.84E-1,
-1.574000E+001,2.84E-1,
-1.573000E+001,2.84E-1,
-1.572000E+001,2.84E-1,
-1.571000E+001,2.84E-1,
-1.570000E+001,2.84E-1,
-1.569000E+001,2.84E-1,
-1.568000E+001,2.84E-1,
-1.567000E+001,2.84E-1,
-1.566000E+001,2.84E-1,
-1.565000E+001,2.84E-1,
-1.564000E+001,2.84E-1,
-1.563000E+001,2.84E-1,
-1.562000E+001,2.84E-1,
-1.561000E+001,2.84E-1,
-1.560000E+001,2.84E-1,
-1.559000E+001,2.84E-1,
-1.558000E+001,2.84E-1,
-1.557000E+001,2.84E-1,
-1.556000E+001,2.84E-1,
-1.555000E+001,2.84E-1,
-1.554000E+001,2.84E-1,
-1.553000E+001,2.84E-1,
-1.552000E+001,2.84E-1,
-1.551000E+001,2.84E-1,
-1.550000E+001,7.64E-1,
-1.549000E+001,7.64E-1,
-1.548000E+001,7.64E-1,
-1.547000E+001,7.64E-1,
-1.546000E+001,7.68E-1,
-1.545000E+001,7.64E-1,
-1.544000E+001,7.64E-1,
-1.543000E+001,7.16E-1,
-1.542000E+001,7.16E-1,
-1.541000E+001,7.16E-1,
-1.540000E+001,7.16E-1,
-1.539000E+001,7.16E-1,
-1.538000E+001,7.16E-1,
-1.537000E+001,7.16E-1,
-1.536000E+001,7.2E-1,
-1.535000E+001,7.16E-1,
-1.534000E+001,7.2E-1,
-1.533000E+001,7.72E-1,
-1.532000E+001,7.72E-1,
-1.531000E+001,7.68E-1,
-1.530000E+001,7.68E-1,
-1.529000E+001,7.72E-1,
-1.528000E+001,7.72E-1,
-1.527000E+001,7.72E-1,
-1.526000E+001,7.68E-1,
-1.525000E+001,7.72E-1,
-1.524000E+001,7.68E-1,
-1.523000E+001,7.24E-1,
-1.522000E+001,7.24E-1,
-1.521000E+001,7.2E-1,
-1.520000E+001,7.2E-1,
-1.519000E+001,7.2E-1,
-1.518000E+001,7.2E-1,
-1.517000E+001,7.2E-1,
-1.516000E+001,7.2E-1,
-1.515000E+001,7.2E-1,
-1.514000E+001,7.2E-1,
-1.513000E+001,3.2E-1,
-1.512000E+001,5.08E-1,
-1.511000E+001,5.08E-1,
-1.510000E+001,5.08E-1,
-1.509000E+001,5.04E-1,
-1.508000E+001,5.04E-1,
-1.507000E+001,5.04E-1,
-1.506000E+001,5.04E-1,
-1.505000E+001,5.08E-1,
-1.504000E+001,5E-1,
-1.503000E+001,4.6E-1,
-1.502000E+001,4.6E-1,
-1.501000E+001,4.6E-1,
-1.500000E+001,4.52E-1,
-1.499000E+001,4.6E-1,
-1.498000E+001,4.56E-1,
-1.497000E+001,4.6E-1,
-1.496000E+001,4.56E-1,
-1.495000E+001,4.56E-1,
-1.494000E+001,4.56E-1,
-1.493000E+001,5.12E-1,
-1.492000E+001,5.08E-1,
-1.491000E+001,5.08E-1,
-1.490000E+001,5.08E-1,
-1.489000E+001,5.12E-1,
-1.488000E+001,5.12E-1,
-1.487000E+001,5.12E-1,
-1.486000E+001,5.12E-1,
-1.485000E+001,5.12E-1,
-1.484000E+001,5.08E-1,
-1.483000E+001,4.6E-1,
-1.482000E+001,4.6E-1,
-1.481000E+001,4.6E-1,
-1.480000E+001,4.6E-1,
-1.479000E+001,4.6E-1,
-1.478000E+001,4.6E-1,
-1.477000E+001,4.64E-1,
-1.476000E+001,4.64E-1,
-1.475000E+001,4.64E-1,
-1.474000E+001,4.6E-1,
-1.473000E+001,5.12E-1,
-1.472000E+001,5.16E-1,
-1.471000E+001,5.16E-1,
-1.470000E+001,5.16E-1,
-1.469000E+001,5.16E-1,
-1.468000E+001,5.16E-1,
-1.467000E+001,5.12E-1,
-1.466000E+001,5.12E-1,
-1.465000E+001,5.16E-1,
-1.464000E+001,5.16E-1,
-1.463000E+001,4.64E-1,
-1.462000E+001,4.64E-1,
-1.461000E+001,5.72E-1,
-1.460000E+001,4.68E-1,
-1.459000E+001,4.68E-1,
-1.458000E+001,4.68E-1,
-1.457000E+001,4.64E-1,
-1.456000E+001,4.64E-1,
-1.455000E+001,4.64E-1,
-1.454000E+001,4.64E-1,
-1.453000E+001,5.2E-1,
-1.452000E+001,5.24E-1,
-1.451000E+001,5.2E-1,
-1.450000E+001,5.2E-1,
-1.449000E+001,5.2E-1,
-1.448000E+001,5.2E-1,
-1.447000E+001,5.24E-1,
-1.446000E+001,5.2E-1,
-1.445000E+001,5.2E-1,
-1.444000E+001,4.72E-1,
-1.443000E+001,4.72E-1,
-1.442000E+001,4.72E-1,
-1.441000E+001,4.72E-1,
-1.440000E+001,4.68E-1,
-1.439000E+001,4.68E-1,
-1.438000E+001,4.68E-1,
-1.437000E+001,4.68E-1,
-1.436000E+001,4.72E-1,
-1.435000E+001,4.72E-1,
-1.434000E+001,5.2E-1,
-1.433000E+001,5.2E-1,
-1.432000E+001,5.24E-1,
-1.431000E+001,5.24E-1,
-1.430000E+001,5.24E-1,
-1.429000E+001,5.24E-1,
-1.428000E+001,5.24E-1,
-1.427000E+001,5.24E-1,
-1.426000E+001,5.24E-1,
-1.425000E+001,5.24E-1,
-1.424000E+001,4.84E-1,
-1.423000E+001,4.84E-1,
-1.422000E+001,4.76E-1,
-1.421000E+001,4.76E-1,
-1.420000E+001,6.24E-1,
-1.419000E+001,4.76E-1,
-1.418000E+001,4.76E-1,
-1.417000E+001,4.76E-1,
-1.416000E+001,4.72E-1,
-1.415000E+001,4.76E-1,
-1.414000E+001,4.76E-1,
-1.413000E+001,5.28E-1,
-1.412000E+001,5.28E-1,
-1.411000E+001,5.24E-1,
-1.410000E+001,5.24E-1,
-1.409000E+001,5.32E-1,
-1.408000E+001,5.32E-1,
-1.407000E+001,5.32E-1,
-1.406000E+001,5.32E-1,
-1.405000E+001,5.24E-1,
-1.404000E+001,5.28E-1,
-1.403000E+001,4.8E-1,
-1.402000E+001,4.8E-1,
-1.401000E+001,4.8E-1,
-1.400000E+001,4.84E-1,
-1.399000E+001,6.36E-1,
-1.398000E+001,4.76E-1,
-1.397000E+001,4.76E-1,
-1.396000E+001,4.8E-1,
-1.395000E+001,4.84E-1,
-1.394000E+001,4.84E-1,
-1.393000E+001,4.76E-1,
-1.392000E+001,5.32E-1,
-1.391000E+001,5.32E-1,
-1.390000E+001,5.4E-1,
-1.389000E+001,5.4E-1,
-1.388000E+001,5.4E-1,
-1.387000E+001,5.36E-1,
-1.386000E+001,5.36E-1,
-1.385000E+001,5.36E-1,
-1.384000E+001,5.36E-1,
-1.383000E+001,5.36E-1,
-1.382000E+001,4.8E-1,
-1.381000E+001,4.8E-1,
-1.380000E+001,4.84E-1,
-1.379000E+001,6.48E-1,
-1.378000E+001,4.92E-1,
-1.377000E+001,4.88E-1,
-1.376000E+001,4.88E-1,
-1.375000E+001,4.84E-1,
-1.374000E+001,4.84E-1,
-1.373000E+001,4.92E-1,
-1.372000E+001,5.4E-1,
-1.371000E+001,5.4E-1,
-1.370000E+001,6.2E-1,
-1.369000E+001,6.6E-1,
-1.368000E+001,5.4E-1,
-1.367000E+001,5.36E-1,
-1.366000E+001,5.36E-1,
-1.365000E+001,5.36E-1,
-1.364000E+001,5.4E-1,
-1.363000E+001,5.4E-1,
-1.362000E+001,4.92E-1,
-1.361000E+001,4.92E-1,
-1.360000E+001,4.92E-1,
-1.359000E+001,4.88E-1,
-1.358000E+001,4.92E-1,
-1.357000E+001,4.88E-1,
-1.356000E+001,4.92E-1,
-1.355000E+001,4.92E-1,
-1.354000E+001,4.92E-1,
-1.353000E+001,4.92E-1,
-1.352000E+001,5.4E-1,
-1.351000E+001,5.44E-1,
-1.350000E+001,5.44E-1,
-1.349000E+001,5.44E-1,
-1.348000E+001,5.44E-1,
-1.347000E+001,5.44E-1,
-1.346000E+001,5.4E-1,
-1.345000E+001,5.44E-1,
-1.344000E+001,5.44E-1,
-1.343000E+001,5.4E-1,
-1.342000E+001,4.96E-1,
-1.341000E+001,4.92E-1,
-1.340000E+001,4.92E-1,
-1.339000E+001,4.92E-1,
-1.338000E+001,6.04E-1,
-1.337000E+001,4.96E-1,
-1.336000E+001,4.96E-1,
-1.335000E+001,4.92E-1,
-1.334000E+001,4.92E-1,
-1.333000E+001,4.96E-1,
-1.332000E+001,5.48E-1,
-1.331000E+001,5.44E-1,
-1.330000E+001,5.48E-1,
-1.329000E+001,5.48E-1,
-1.328000E+001,5.48E-1,
-1.327000E+001,5.48E-1,
-1.326000E+001,5.52E-1,
-1.325000E+001,5.52E-1,
-1.324000E+001,5.52E-1,
-1.323000E+001,5.44E-1,
-1.322000E+001,5E-1,
-1.321000E+001,5E-1,
-1.320000E+001,5.08E-1,
-1.319000E+001,4.96E-1,
-1.318000E+001,4.96E-1,
-1.317000E+001,5E-1,
-1.316000E+001,5E-1,
-1.315000E+001,4.96E-1,
-1.314000E+001,4.96E-1,
-1.313000E+001,4.96E-1,
-1.312000E+001,5.48E-1,
-1.311000E+001,5.52E-1,
-1.310000E+001,5.56E-1,
-1.309000E+001,5.56E-1,
-1.308000E+001,5.56E-1,
-1.307000E+001,5.56E-1,
-1.306000E+001,5.56E-1,
-1.305000E+001,5.52E-1,
-1.304000E+001,5.52E-1,
-1.303000E+001,5.52E-1,
-1.302000E+001,5.08E-1,
-1.301000E+001,5.08E-1,
-1.300000E+001,5.04E-1,
-1.299000E+001,5.04E-1,
-1.298000E+001,5.04E-1,
-1.297000E+001,5.32E-1,
-1.296000E+001,5.08E-1,
-1.295000E+001,5.04E-1,
-1.294000E+001,5.12E-1,
-1.293000E+001,5.56E-1,
-1.292000E+001,5.56E-1,
-1.291000E+001,5.6E-1,
-1.290000E+001,5.6E-1,
-1.289000E+001,5.56E-1,
-1.288000E+001,5.52E-1,
-1.287000E+001,5.52E-1,
-1.286000E+001,5.6E-1,
-1.285000E+001,5.6E-1,
-1.284000E+001,5.6E-1,
-1.283000E+001,5.24E-1,
-1.282000E+001,5.24E-1,
-1.281000E+001,5.12E-1,
-1.280000E+001,5.16E-1,
-1.279000E+001,5.12E-1,
-1.278000E+001,5.12E-1,
-1.277000E+001,5.12E-1,
-1.276000E+001,5.12E-1,
-1.275000E+001,5.08E-1,
-1.274000E+001,5.12E-1,
-1.273000E+001,5.08E-1,
-1.272000E+001,5.6E-1,
-1.271000E+001,5.6E-1,
-1.270000E+001,5.64E-1,
-1.269000E+001,5.68E-1,
-1.268000E+001,5.64E-1,
-1.267000E+001,5.64E-1,
-1.266000E+001,5.64E-1,
-1.265000E+001,5.6E-1,
-1.264000E+001,5.64E-1,
-1.263000E+001,5.6E-1,
-1.262000E+001,5.12E-1,
-1.261000E+001,5.12E-1,
-1.260000E+001,5.16E-1,
-1.259000E+001,5.16E-1,
-1.258000E+001,5.16E-1,
-1.257000E+001,5.24E-1,
-1.256000E+001,5.24E-1,
-1.255000E+001,5.12E-1,
-1.254000E+001,5.16E-1,
-1.253000E+001,5.16E-1,
-1.252000E+001,5.12E-1,
-1.251000E+001,5.68E-1,
-1.250000E+001,5.68E-1,
-1.249000E+001,5.68E-1,
-1.248000E+001,5.72E-1,
-1.247000E+001,5.68E-1,
-1.246000E+001,5.68E-1,
-1.245000E+001,5.68E-1,
-1.244000E+001,5.72E-1,
-1.243000E+001,5.68E-1,
-1.242000E+001,5.68E-1,
-1.241000E+001,5.2E-1,
-1.240000E+001,5.2E-1,
-1.239000E+001,5.16E-1,
-1.238000E+001,5.2E-1,
-1.237000E+001,5.2E-1,
-1.236000E+001,5.2E-1,
-1.235000E+001,5.2E-1,
-1.234000E+001,5.2E-1,
-1.233000E+001,5.24E-1,
-1.232000E+001,5.16E-1,
-1.231000E+001,5.72E-1,
-1.230000E+001,5.72E-1,
-1.229000E+001,5.72E-1,
-1.228000E+001,5.76E-1,
-1.227000E+001,5.76E-1,
-1.226000E+001,5.72E-1,
-1.225000E+001,5.72E-1,
-1.224000E+001,5.72E-1,
-1.223000E+001,5.72E-1,
-1.222000E+001,5.72E-1,
-1.221000E+001,5.28E-1,
-1.220000E+001,5.2E-1,
-1.219000E+001,5.2E-1,
-1.218000E+001,5.24E-1,
-1.217000E+001,5.24E-1,
-1.216000E+001,5.28E-1,
-1.215000E+001,5.24E-1,
-1.214000E+001,5.24E-1,
-1.213000E+001,5.24E-1,
-1.212000E+001,5.2E-1,
-1.211000E+001,5.76E-1,
-1.210000E+001,5.8E-1,
-1.209000E+001,5.76E-1,
-1.208000E+001,5.76E-1,
-1.207000E+001,5.8E-1,
-1.206000E+001,5.8E-1,
-1.205000E+001,5.72E-1,
-1.204000E+001,5.84E-1,
-1.203000E+001,5.84E-1,
-1.202000E+001,5.8E-1,
-1.201000E+001,5.32E-1,
-1.200000E+001,5.32E-1,
-1.199000E+001,5.32E-1,
-1.198000E+001,5.32E-1,
-1.197000E+001,5.32E-1,
-1.196000E+001,5.32E-1,
-1.195000E+001,5.28E-1,
-1.194000E+001,5.28E-1,
-1.193000E+001,5.28E-1,
-1.192000E+001,5.28E-1,
-1.191000E+001,5.84E-1,
-1.190000E+001,5.84E-1,
-1.189000E+001,5.84E-1,
-1.188000E+001,5.84E-1,
-1.187000E+001,5.84E-1,
-1.186000E+001,5.88E-1,
-1.185000E+001,5.88E-1,
-1.184000E+001,5.8E-1,
-1.183000E+001,5.8E-1,
-1.182000E+001,5.8E-1,
-1.181000E+001,5.4E-1,
-1.180000E+001,5.32E-1,
-1.179000E+001,5.28E-1,
-1.178000E+001,5.32E-1,
-1.177000E+001,5.32E-1,
-1.176000E+001,5.36E-1,
-1.175000E+001,5.36E-1,
-1.174000E+001,5.4E-1,
-1.173000E+001,5.36E-1,
-1.172000E+001,5.36E-1,
-1.171000E+001,5.84E-1,
-1.170000E+001,5.88E-1,
-1.169000E+001,5.84E-1,
-1.168000E+001,5.88E-1,
-1.167000E+001,5.88E-1,
-1.166000E+001,5.88E-1,
-1.165000E+001,5.88E-1,
-1.164000E+001,6.88E-1,
-1.163000E+001,5.88E-1,
-1.162000E+001,5.4E-1,
-1.161000E+001,5.4E-1,
-1.160000E+001,5.36E-1,
-1.159000E+001,5.36E-1,
-1.158000E+001,5.4E-1,
-1.157000E+001,5.44E-1,
-1.156000E+001,5.44E-1,
-1.155000E+001,5.4E-1,
-1.154000E+001,5.36E-1,
-1.153000E+001,5.4E-1,
-1.152000E+001,5.92E-1,
-1.151000E+001,5.92E-1,
-1.150000E+001,5.92E-1,
-1.149000E+001,5.92E-1,
-1.148000E+001,5.92E-1,
-1.147000E+001,5.96E-1,
-1.146000E+001,5.96E-1,
-1.145000E+001,5.96E-1,
-1.144000E+001,5.92E-1,
-1.143000E+001,5.96E-1,
-1.142000E+001,5.92E-1,
-1.141000E+001,5.44E-1,
-1.140000E+001,5.44E-1,
-1.139000E+001,5.44E-1,
-1.138000E+001,5.44E-1,
-1.137000E+001,5.48E-1,
-1.136000E+001,5.44E-1,
-1.135000E+001,5.44E-1,
-1.134000E+001,5.44E-1,
-1.133000E+001,5.4E-1,
-1.132000E+001,5.4E-1,
-1.131000E+001,5.96E-1,
-1.130000E+001,5.96E-1,
-1.129000E+001,6.08E-1,
-1.128000E+001,5.96E-1,
-1.127000E+001,6E-1,
-1.126000E+001,6E-1,
-1.125000E+001,6.04E-1,
-1.124000E+001,6.04E-1,
-1.123000E+001,7.44E-1,
-1.122000E+001,6E-1,
-1.121000E+001,5.96E-1,
-1.120000E+001,5.48E-1,
-1.119000E+001,5.48E-1,
-1.118000E+001,5.52E-1,
-1.117000E+001,5.52E-1,
-1.116000E+001,5.48E-1,
-1.115000E+001,5.48E-1,
-1.114000E+001,5.48E-1,
-1.113000E+001,5.48E-1,
-1.112000E+001,5.48E-1,
-1.111000E+001,5.52E-1,
-1.110000E+001,6.04E-1,
-1.109000E+001,6.04E-1,
-1.108000E+001,6E-1,
-1.107000E+001,6.04E-1,
-1.106000E+001,6.12E-1,
-1.105000E+001,6.04E-1,
-1.104000E+001,6.04E-1,
-1.103000E+001,6.04E-1,
-1.102000E+001,6E-1,
-1.101000E+001,6.04E-1,
-1.100000E+001,5.56E-1,
-1.099000E+001,5.56E-1,
-1.098000E+001,5.56E-1,
-1.097000E+001,5.52E-1,
-1.096000E+001,5.52E-1,
-1.095000E+001,5.52E-1,
-1.094000E+001,5.56E-1,
-1.093000E+001,5.56E-1,
-1.092000E+001,5.56E-1,
-1.091000E+001,5.52E-1,
-1.090000E+001,6.08E-1,
-1.089000E+001,6.08E-1,
-1.088000E+001,6.08E-1,
-1.087000E+001,6.08E-1,
-1.086000E+001,6.12E-1,
-1.085000E+001,6.04E-1,
-1.084000E+001,6.08E-1,
-1.083000E+001,6.24E-1,
-1.082000E+001,6.24E-1,
-1.081000E+001,6.12E-1,
-1.080000E+001,5.56E-1,
-1.079000E+001,5.56E-1,
-1.078000E+001,5.56E-1,
-1.077000E+001,5.56E-1,
-1.076000E+001,5.64E-1,
-1.075000E+001,5.6E-1,
-1.074000E+001,5.56E-1,
-1.073000E+001,5.56E-1,
-1.072000E+001,5.56E-1,
-1.071000E+001,5.56E-1,
-1.070000E+001,6.08E-1,
-1.069000E+001,6.12E-1,
-1.068000E+001,6.16E-1,
-1.067000E+001,6.12E-1,
-1.066000E+001,6.12E-1,
-1.065000E+001,6.12E-1,
-1.064000E+001,6.16E-1,
-1.063000E+001,6.12E-1,
-1.062000E+001,6.12E-1,
-1.061000E+001,6.12E-1,
-1.060000E+001,5.64E-1,
-1.059000E+001,5.64E-1,
-1.058000E+001,5.68E-1,
-1.057000E+001,5.68E-1,
-1.056000E+001,5.68E-1,
-1.055000E+001,5.64E-1,
-1.054000E+001,5.64E-1,
-1.053000E+001,5.64E-1,
-1.052000E+001,5.6E-1,
-1.051000E+001,6.2E-1,
-1.050000E+001,6.2E-1,
-1.049000E+001,6.2E-1,
-1.048000E+001,6.16E-1,
-1.047000E+001,6.16E-1,
-1.046000E+001,6.2E-1,
-1.045000E+001,6.2E-1,
-1.044000E+001,6.2E-1,
-1.043000E+001,6.16E-1,
-1.042000E+001,6.2E-1,
-1.041000E+001,5.72E-1,
-1.040000E+001,5.72E-1,
-1.039000E+001,5.72E-1,
-1.038000E+001,5.72E-1,
-1.037000E+001,5.72E-1,
-1.036000E+001,5.72E-1,
-1.035000E+001,5.72E-1,
-1.034000E+001,5.72E-1,
-1.033000E+001,5.68E-1,
-1.032000E+001,5.72E-1,
-1.031000E+001,5.68E-1,
-1.030000E+001,6.24E-1,
-1.029000E+001,6.24E-1,
-1.028000E+001,6.2E-1,
-1.027000E+001,6.2E-1,
-1.026000E+001,6.24E-1,
-1.025000E+001,6.2E-1,
-1.024000E+001,6.2E-1,
-1.023000E+001,6.24E-1,
-1.022000E+001,6.24E-1,
-1.021000E+001,6.2E-1,
-1.020000E+001,5.72E-1,
-1.019000E+001,5.72E-1,
-1.018000E+001,5.76E-1,
-1.017000E+001,5.76E-1,
-1.016000E+001,5.76E-1,
-1.015000E+001,5.72E-1,
-1.014000E+001,5.72E-1,
-1.013000E+001,5.76E-1,
-1.012000E+001,5.76E-1,
-1.011000E+001,5.76E-1,
-1.010000E+001,6.16E-1,
-1.009000E+001,6.28E-1,
-1.008000E+001,6.28E-1,
-1.007000E+001,6.32E-1,
-1.006000E+001,6.32E-1,
-1.005000E+001,6.28E-1,
-1.004000E+001,6.28E-1,
-1.003000E+001,6.28E-1,
-1.002000E+001,6.28E-1,
-1.001000E+001,6.28E-1,
-1.000000E+001,6.28E-1,
-9.990000E+000,5.8E-1,
-9.980000E+000,5.8E-1,
-9.970000E+000,5.8E-1,
-9.960000E+000,5.8E-1,
-9.950000E+000,5.8E-1,
-9.940000E+000,5.88E-1,
-9.930000E+000,5.88E-1,
-9.920000E+000,5.8E-1,
-9.910000E+000,5.76E-1,
-9.900000E+000,5.8E-1,
-9.890000E+000,6.36E-1,
-9.880000E+000,6.32E-1,
-9.870000E+000,6.32E-1,
-9.860000E+000,6.32E-1,
-9.850000E+000,6.32E-1,
-9.840000E+000,6.36E-1,
-9.830000E+000,6.32E-1,
-9.820000E+000,6.32E-1,
-9.810000E+000,6.36E-1,
-9.800000E+000,6.32E-1,
-9.790000E+000,5.88E-1,
-9.780000E+000,5.84E-1,
-9.770000E+000,5.84E-1,
-9.760000E+000,5.88E-1,
-9.750000E+000,5.8E-1,
-9.740000E+000,5.84E-1,
-9.730000E+000,5.84E-1,
-9.720000E+000,5.84E-1,
-9.710000E+000,5.84E-1,
-9.700000E+000,5.88E-1,
-9.690000E+000,6.32E-1,
-9.680000E+000,6.36E-1,
-9.670000E+000,6.36E-1,
-9.660000E+000,6.36E-1,
-9.650000E+000,6.4E-1,
-9.640000E+000,6.44E-1,
-9.630000E+000,6.36E-1,
-9.620000E+000,6.4E-1,
-9.610000E+000,6.4E-1,
-9.600000E+000,6.4E-1,
-9.590000E+000,5.92E-1,
-9.580000E+000,5.92E-1,
-9.570000E+000,5.88E-1,
-9.560000E+000,5.88E-1,
-9.550000E+000,5.88E-1,
-9.540000E+000,5.92E-1,
-9.530000E+000,5.88E-1,
-9.520000E+000,5.88E-1,
-9.510000E+000,5.88E-1,
-9.500000E+000,5.88E-1,
-9.490000E+000,6.52E-1,
-9.480000E+000,6.44E-1,
-9.470000E+000,6.44E-1,
-9.460000E+000,6.44E-1,
-9.450000E+000,6.44E-1,
-9.440000E+000,6.44E-1,
-9.430000E+000,6.44E-1,
-9.420000E+000,6.48E-1,
-9.410000E+000,6.44E-1,
-9.400000E+000,6.44E-1,
-9.390000E+000,5.96E-1,
-9.380000E+000,5.96E-1,
-9.370000E+000,6E-1,
-9.360000E+000,6E-1,
-9.350000E+000,6E-1,
-9.340000E+000,5.92E-1,
-9.330000E+000,5.92E-1,
-9.320000E+000,5.96E-1,
-9.310000E+000,5.92E-1,
-9.300000E+000,6.44E-1,
-9.290000E+000,6.44E-1,
-9.280000E+000,6.48E-1,
-9.270000E+000,6.48E-1,
-9.260000E+000,6.48E-1,
-9.250000E+000,6.48E-1,
-9.240000E+000,6.48E-1,
-9.230000E+000,6.48E-1,
-9.220000E+000,6.56E-1,
-9.210000E+000,6.48E-1,
-9.200000E+000,6E-1,
-9.190000E+000,6E-1,
-9.180000E+000,6E-1,
-9.170000E+000,6.04E-1,
-9.160000E+000,6E-1,
-9.150000E+000,5.96E-1,
-9.140000E+000,6E-1,
-9.130000E+000,6E-1,
-9.120000E+000,6.04E-1,
-9.110000E+000,6E-1,
-9.100000E+000,5.96E-1,
-9.090000E+000,7.64E-1,
-9.080000E+000,7.64E-1,
-9.070000E+000,6.52E-1,
-9.060000E+000,6.56E-1,
-9.050000E+000,6.52E-1,
-9.040000E+000,6.56E-1,
-9.030000E+000,6.56E-1,
-9.020000E+000,6.56E-1,
-9.010000E+000,6.52E-1,
-9.000000E+000,6.56E-1,
-8.990000E+000,6.04E-1,
-8.980000E+000,6.04E-1,
-8.970000E+000,6.08E-1,
-8.960000E+000,6.04E-1,
-8.950000E+000,6.04E-1,
-8.940000E+000,6.04E-1,
-8.930000E+000,6.04E-1,
-8.920000E+000,6.04E-1,
-8.910000E+000,6.08E-1,
-8.900000E+000,6E-1,
-8.890000E+000,6.52E-1,
-8.880000E+000,6.64E-1,
-8.870000E+000,6.64E-1,
-8.860000E+000,6.56E-1,
-8.850000E+000,6.64E-1,
-8.840000E+000,6.6E-1,
-8.830000E+000,6.6E-1,
-8.820000E+000,6.6E-1,
-8.810000E+000,6.56E-1,
-8.800000E+000,6.56E-1,
-8.790000E+000,6.52E-1,
-8.780000E+000,6.12E-1,
-8.770000E+000,6.08E-1,
-8.760000E+000,6.08E-1,
-8.750000E+000,6.08E-1,
-8.740000E+000,6.12E-1,
-8.730000E+000,6.12E-1,
-8.720000E+000,6.04E-1,
-8.710000E+000,6.04E-1,
-8.700000E+000,6.04E-1,
-8.690000E+000,6.08E-1,
-8.680000E+000,6.64E-1,
-8.670000E+000,6.64E-1,
-8.660000E+000,6.64E-1,
-8.650000E+000,6.64E-1,
-8.640000E+000,6.68E-1,
-8.630000E+000,6.68E-1,
-8.620000E+000,6.64E-1,
-8.610000E+000,6.64E-1,
-8.600000E+000,6.64E-1,
-8.590000E+000,6.64E-1,
-8.580000E+000,6.12E-1,
-8.570000E+000,6.16E-1,
-8.560000E+000,6.12E-1,
-8.550000E+000,6.12E-1,
-8.540000E+000,6.12E-1,
-8.530000E+000,6.12E-1,
-8.520000E+000,6.08E-1,
-8.510000E+000,6.16E-1,
-8.500000E+000,6.16E-1,
-8.490000E+000,6.12E-1,
-8.480000E+000,6.68E-1,
-8.470000E+000,6.68E-1,
-8.460000E+000,6.72E-1,
-8.450000E+000,6.72E-1,
-8.440000E+000,6.68E-1,
-8.430000E+000,6.68E-1,
-8.420000E+000,6.64E-1,
-8.410000E+000,6.68E-1,
-8.400000E+000,6.68E-1,
-8.390000E+000,6.68E-1,
-8.380000E+000,6.2E-1,
-8.370000E+000,6.2E-1,
-8.360000E+000,6.2E-1,
-8.350000E+000,6.24E-1,
-8.340000E+000,6.24E-1,
-8.330000E+000,6.2E-1,
-8.320000E+000,6.24E-1,
-8.310000E+000,6.16E-1,
-8.300000E+000,6.2E-1,
-8.290000E+000,6.2E-1,
-8.280000E+000,6.68E-1,
-8.270000E+000,6.76E-1,
-8.260000E+000,8.28E-1,
-8.250000E+000,6.8E-1,
-8.240000E+000,6.72E-1,
-8.230000E+000,6.72E-1,
-8.220000E+000,6.76E-1,
-8.210000E+000,6.76E-1,
-8.200000E+000,6.8E-1,
-8.190000E+000,6.24E-1,
-8.180000E+000,6.24E-1,
-8.170000E+000,6.24E-1,
-8.160000E+000,6.24E-1,
-8.150000E+000,6.24E-1,
-8.140000E+000,6.24E-1,
-8.130000E+000,6.24E-1,
-8.120000E+000,6.24E-1,
-8.110000E+000,6.24E-1,
-8.100000E+000,6.24E-1,
-8.090000E+000,6.24E-1,
-8.080000E+000,6.8E-1,
-8.070000E+000,6.8E-1,
-8.060000E+000,6.8E-1,
-8.050000E+000,6.8E-1,
-8.040000E+000,6.8E-1,
-8.030000E+000,6.84E-1,
-8.020000E+000,6.84E-1,
-8.010000E+000,6.84E-1,
-8.000000E+000,6.88E-1,
-7.990000E+000,6.8E-1,
-7.980000E+000,6.32E-1,
-7.970000E+000,6.32E-1,
-7.960000E+000,6.28E-1,
-7.950000E+000,6.28E-1,
-7.940000E+000,6.32E-1,
-7.930000E+000,6.28E-1,
-7.920000E+000,6.28E-1,
-7.910000E+000,6.32E-1,
-7.900000E+000,6.28E-1,
-7.890000E+000,6.28E-1,
-7.880000E+000,6.84E-1,
-7.870000E+000,6.84E-1,
-7.860000E+000,6.84E-1,
-7.850000E+000,8.36E-1,
-7.840000E+000,6.84E-1,
-7.830000E+000,6.88E-1,
-7.820000E+000,6.84E-1,
-7.810000E+000,6.84E-1,
-7.800000E+000,6.8E-1,
-7.790000E+000,6.84E-1,
-7.780000E+000,6.4E-1,
-7.770000E+000,6.36E-1,
-7.760000E+000,6.36E-1,
-7.750000E+000,6.36E-1,
-7.740000E+000,6.36E-1,
-7.730000E+000,6.28E-1,
-7.720000E+000,6.32E-1,
-7.710000E+000,6.28E-1,
-7.700000E+000,6.28E-1,
-7.690000E+000,6.36E-1,
-7.680000E+000,6.88E-1,
-7.670000E+000,6.88E-1,
-7.660000E+000,6.88E-1,
-7.650000E+000,6.88E-1,
-7.640000E+000,6.88E-1,
-7.630000E+000,6.88E-1,
-7.620000E+000,6.84E-1,
-7.610000E+000,6.92E-1,
-7.600000E+000,6.92E-1,
-7.590000E+000,6.88E-1,
-7.580000E+000,6.36E-1,
-7.570000E+000,6.36E-1,
-7.560000E+000,6.4E-1,
-7.550000E+000,6.36E-1,
-7.540000E+000,6.36E-1,
-7.530000E+000,6.36E-1,
-7.520000E+000,6.4E-1,
-7.510000E+000,6.44E-1,
-7.500000E+000,6.4E-1,
-7.490000E+000,6.4E-1,
-7.480000E+000,6.84E-1,
-7.470000E+000,6.96E-1,
-7.460000E+000,6.92E-1,
-7.450000E+000,7E-1,
-7.440000E+000,7E-1,
-7.430000E+000,6.96E-1,
-7.420000E+000,6.96E-1,
-7.410000E+000,6.92E-1,
-7.400000E+000,6.96E-1,
-7.390000E+000,6.96E-1,
-7.380000E+000,7E-1,
-7.370000E+000,6.44E-1,
-7.360000E+000,6.44E-1,
-7.350000E+000,6.44E-1,
-7.340000E+000,6.4E-1,
-7.330000E+000,6.4E-1,
-7.320000E+000,6.44E-1,
-7.310000E+000,6.4E-1,
-7.300000E+000,6.4E-1,
-7.290000E+000,6.48E-1,
-7.280000E+000,6.48E-1,
-7.270000E+000,7E-1,
-7.260000E+000,7.04E-1,
-7.250000E+000,7E-1,
-7.240000E+000,7E-1,
-7.230000E+000,7E-1,
-7.220000E+000,7E-1,
-7.210000E+000,7E-1,
-7.200000E+000,7E-1,
-7.190000E+000,7E-1,
-7.180000E+000,6.48E-1,
-7.170000E+000,6.48E-1,
-7.160000E+000,6.48E-1,
-7.150000E+000,6.52E-1,
-7.140000E+000,6.48E-1,
-7.130000E+000,6.48E-1,
-7.120000E+000,6.48E-1,
-7.110000E+000,6.52E-1,
-7.100000E+000,6.52E-1,
-7.090000E+000,6.48E-1,
-7.080000E+000,6.48E-1,
-7.070000E+000,7.04E-1,
-7.060000E+000,7.04E-1,
-7.050000E+000,7.08E-1,
-7.040000E+000,7.04E-1,
-7.030000E+000,7.08E-1,
-7.020000E+000,7.04E-1,
-7.010000E+000,7.04E-1,
-7.000000E+000,7E-1,
-6.990000E+000,7.08E-1,
-6.980000E+000,7.08E-1,
-6.970000E+000,6.56E-1,
-6.960000E+000,6.56E-1,
-6.950000E+000,6.52E-1,
-6.940000E+000,6.56E-1,
-6.930000E+000,7.8E-1,
-6.920000E+000,6.56E-1,
-6.910000E+000,6.6E-1,
-6.900000E+000,6.6E-1,
-6.890000E+000,6.52E-1,
-6.880000E+000,6.56E-1,
-6.870000E+000,7.08E-1,
-6.860000E+000,7.12E-1,
-6.850000E+000,7.12E-1,
-6.840000E+000,7.12E-1,
-6.830000E+000,7.08E-1,
-6.820000E+000,7.08E-1,
-6.810000E+000,7.12E-1,
-6.800000E+000,7.12E-1,
-6.790000E+000,7.08E-1,
-6.780000E+000,7.08E-1,
-6.770000E+000,6.6E-1,
-6.760000E+000,6.6E-1,
-6.750000E+000,6.56E-1,
-6.740000E+000,6.56E-1,
-6.730000E+000,6.6E-1,
-6.720000E+000,6.56E-1,
-6.710000E+000,6.56E-1,
-6.700000E+000,6.6E-1,
-6.690000E+000,6.6E-1,
-6.680000E+000,6.64E-1,
-6.670000E+000,7.12E-1,
-6.660000E+000,7.16E-1,
-6.650000E+000,7.16E-1,
-6.640000E+000,7.16E-1,
-6.630000E+000,7.16E-1,
-6.620000E+000,7.16E-1,
-6.610000E+000,7.12E-1,
-6.600000E+000,7.16E-1,
-6.590000E+000,7.2E-1,
-6.580000E+000,7.2E-1,
-6.570000E+000,6.64E-1,
-6.560000E+000,6.68E-1,
-6.550000E+000,6.64E-1,
-6.540000E+000,6.64E-1,
-6.530000E+000,6.64E-1,
-6.520000E+000,8.12E-1,
-6.510000E+000,6.64E-1,
-6.500000E+000,6.6E-1,
-6.490000E+000,6.6E-1,
-6.480000E+000,6.6E-1,
-6.470000E+000,7.16E-1,
-6.460000E+000,7.2E-1,
-6.450000E+000,7.24E-1,
-6.440000E+000,7.2E-1,
-6.430000E+000,7.2E-1,
-6.420000E+000,7.2E-1,
-6.410000E+000,7.2E-1,
-6.400000E+000,7.2E-1,
-6.390000E+000,7.2E-1,
-6.380000E+000,6.68E-1,
-6.370000E+000,6.68E-1,
-6.360000E+000,6.72E-1,
-6.350000E+000,6.68E-1,
-6.340000E+000,6.72E-1,
-6.330000E+000,6.72E-1,
-6.320000E+000,6.72E-1,
-6.310000E+000,6.68E-1,
-6.300000E+000,6.64E-1,
-6.290000E+000,6.68E-1,
-6.280000E+000,6.72E-1,
-6.270000E+000,7.28E-1,
-6.260000E+000,7.28E-1,
-6.250000E+000,7.2E-1,
-6.240000E+000,7.32E-1,
-6.230000E+000,7.24E-1,
-6.220000E+000,7.24E-1,
-6.210000E+000,7.24E-1,
-6.200000E+000,7.28E-1,
-6.190000E+000,7.32E-1,
-6.180000E+000,7.28E-1,
-6.170000E+000,6.8E-1,
-6.160000E+000,6.8E-1,
-6.150000E+000,6.76E-1,
-6.140000E+000,6.72E-1,
-6.130000E+000,6.8E-1,
-6.120000E+000,6.76E-1,
-6.110000E+000,6.76E-1,
-6.100000E+000,6.76E-1,
-6.090000E+000,6.8E-1,
-6.080000E+000,6.76E-1,
-6.070000E+000,7.12E-1,
-6.060000E+000,7.32E-1,
-6.050000E+000,7.32E-1,
-6.040000E+000,7.32E-1,
-6.030000E+000,7.32E-1,
-6.020000E+000,7.32E-1,
-6.010000E+000,7.32E-1,
-6.000000E+000,7.32E-1,
-5.990000E+000,7.32E-1,
-5.980000E+000,7.28E-1,
-5.970000E+000,7.28E-1,
-5.960000E+000,6.84E-1,
-5.950000E+000,6.8E-1,
-5.940000E+000,6.8E-1,
-5.930000E+000,6.84E-1,
-5.920000E+000,6.84E-1,
-5.910000E+000,6.84E-1,
-5.900000E+000,6.84E-1,
-5.890000E+000,6.84E-1,
-5.880000E+000,6.84E-1,
-5.870000E+000,6.84E-1,
-5.860000E+000,7.36E-1,
-5.850000E+000,7.36E-1,
-5.840000E+000,7.36E-1,
-5.830000E+000,7.32E-1,
-5.820000E+000,7.36E-1,
-5.810000E+000,7.32E-1,
-5.800000E+000,7.36E-1,
-5.790000E+000,7.32E-1,
-5.780000E+000,7.32E-1,
-5.770000E+000,7.4E-1,
-5.760000E+000,6.84E-1,
-5.750000E+000,6.84E-1,
-5.740000E+000,6.84E-1,
-5.730000E+000,6.84E-1,
-5.720000E+000,6.84E-1,
-5.710000E+000,6.84E-1,
-5.700000E+000,7.24E-1,
-5.690000E+000,6.88E-1,
-5.680000E+000,6.88E-1,
-5.670000E+000,6.84E-1,
-5.660000E+000,7.32E-1,
-5.650000E+000,7.36E-1,
-5.640000E+000,7.4E-1,
-5.630000E+000,7.36E-1,
-5.620000E+000,7.36E-1,
-5.610000E+000,7.36E-1,
-5.600000E+000,7.4E-1,
-5.590000E+000,7.48E-1,
-5.580000E+000,7.4E-1,
-5.570000E+000,7.4E-1,
-5.560000E+000,6.88E-1,
-5.550000E+000,6.88E-1,
-5.540000E+000,6.88E-1,
-5.530000E+000,6.88E-1,
-5.520000E+000,6.88E-1,
-5.510000E+000,6.88E-1,
-5.500000E+000,6.88E-1,
-5.490000E+000,6.92E-1,
-5.480000E+000,6.88E-1,
-5.470000E+000,7.48E-1,
-5.460000E+000,7.48E-1,
-5.450000E+000,7.44E-1,
-5.440000E+000,7.48E-1,
-5.430000E+000,7.44E-1,
-5.420000E+000,7.44E-1,
-5.410000E+000,7.44E-1,
-5.400000E+000,7.44E-1,
-5.390000E+000,7.48E-1,
-5.380000E+000,7.44E-1,
-5.370000E+000,7E-1,
-5.360000E+000,7E-1,
-5.350000E+000,7E-1,
-5.340000E+000,6.96E-1,
-5.330000E+000,7E-1,
-5.320000E+000,6.96E-1,
-5.310000E+000,7.04E-1,
-5.300000E+000,7.04E-1,
-5.290000E+000,7.04E-1,
-5.280000E+000,6.96E-1,
-5.270000E+000,6.96E-1,
-5.260000E+000,7.48E-1,
-5.250000E+000,7.48E-1,
-5.240000E+000,7.52E-1,
-5.230000E+000,7.56E-1,
-5.220000E+000,7.48E-1,
-5.210000E+000,7.52E-1,
-5.200000E+000,7.48E-1,
-5.190000E+000,7.48E-1,
-5.180000E+000,7.52E-1,
-5.170000E+000,7.52E-1,
-5.160000E+000,7E-1,
-5.150000E+000,7E-1,
-5.140000E+000,7E-1,
-5.130000E+000,7E-1,
-5.120000E+000,7E-1,
-5.110000E+000,7E-1,
-5.100000E+000,7.04E-1,
-5.090000E+000,7.04E-1,
-5.080000E+000,7.08E-1,
-5.070000E+000,7E-1,
-5.060000E+000,7.52E-1,
-5.050000E+000,7.52E-1,
-5.040000E+000,7.56E-1,
-5.030000E+000,7.56E-1,
-5.020000E+000,7.52E-1,
-5.010000E+000,7.56E-1,
-5.000000E+000,7.56E-1,
-4.990000E+000,7.52E-1,
-4.980000E+000,7.52E-1,
-4.970000E+000,7.6E-1,
-4.960000E+000,7.04E-1,
-4.950000E+000,7.08E-1,
-4.940000E+000,7.04E-1,
-4.930000E+000,7.04E-1,
-4.920000E+000,7.04E-1,
-4.910000E+000,7.04E-1,
-4.900000E+000,7.04E-1,
-4.890000E+000,7.08E-1,
-4.880000E+000,7.08E-1,
-4.870000E+000,7.08E-1,
-4.860000E+000,7.56E-1,
-4.850000E+000,7.56E-1,
-4.840000E+000,7.6E-1,
-4.830000E+000,7.6E-1,
-4.820000E+000,7.6E-1,
-4.810000E+000,7.64E-1,
-4.800000E+000,7.6E-1,
-4.790000E+000,7.6E-1,
-4.780000E+000,7.64E-1,
-4.770000E+000,7.64E-1,
-4.760000E+000,7.16E-1,
-4.750000E+000,7.08E-1,
-4.740000E+000,7.08E-1,
-4.730000E+000,7.16E-1,
-4.720000E+000,7.16E-1,
-4.710000E+000,7.16E-1,
-4.700000E+000,7.12E-1,
-4.690000E+000,7.12E-1,
-4.680000E+000,7.12E-1,
-4.670000E+000,7.28E-1,
-4.660000E+000,7.28E-1,
-4.650000E+000,7.64E-1,
-4.640000E+000,7.68E-1,
-4.630000E+000,7.68E-1,
-4.620000E+000,7.64E-1,
-4.610000E+000,7.64E-1,
-4.600000E+000,7.64E-1,
-4.590000E+000,7.68E-1,
-4.580000E+000,7.68E-1,
-4.570000E+000,7.64E-1,
-4.560000E+000,7.2E-1,
-4.550000E+000,7.2E-1,
-4.540000E+000,7.16E-1,
-4.530000E+000,7.2E-1,
-4.520000E+000,7.16E-1,
-4.510000E+000,7.12E-1,
-4.500000E+000,7.12E-1,
-4.490000E+000,7.16E-1,
-4.480000E+000,7.16E-1,
-4.470000E+000,7.16E-1,
-4.460000E+000,7.16E-1,
-4.450000E+000,7.68E-1,
-4.440000E+000,7.68E-1,
-4.430000E+000,7.68E-1,
-4.420000E+000,7.72E-1,
-4.410000E+000,7.68E-1,
-4.400000E+000,7.68E-1,
-4.390000E+000,7.68E-1,
-4.380000E+000,7.72E-1,
-4.370000E+000,8.84E-1,
-4.360000E+000,7.72E-1,
-4.350000E+000,7.2E-1,
-4.340000E+000,7.2E-1,
-4.330000E+000,7.16E-1,
-4.320000E+000,7.2E-1,
-4.310000E+000,7.16E-1,
-4.300000E+000,7.2E-1,
-4.290000E+000,7.2E-1,
-4.280000E+000,7.2E-1,
-4.270000E+000,7.2E-1,
-4.260000E+000,7.16E-1,
-4.250000E+000,3.2E-1,
-4.240000E+000,5.04E-1,
-4.230000E+000,5.04E-1,
-4.220000E+000,5E-1,
-4.210000E+000,5.04E-1,
-4.200000E+000,5.04E-1,
-4.190000E+000,5.04E-1,
-4.180000E+000,5.04E-1,
-4.170000E+000,5.08E-1,
-4.160000E+000,5.08E-1,
-4.150000E+000,4.6E-1,
-4.140000E+000,4.56E-1,
-4.130000E+000,4.56E-1,
-4.120000E+000,4.56E-1,
-4.110000E+000,4.56E-1,
-4.100000E+000,4.52E-1,
-4.090000E+000,4.6E-1,
-4.080000E+000,4.52E-1,
-4.070000E+000,4.52E-1,
-4.060000E+000,4.6E-1,
-4.050000E+000,5.08E-1,
-4.040000E+000,5.12E-1,
-4.030000E+000,5.12E-1,
-4.020000E+000,5.12E-1,
-4.010000E+000,5.08E-1,
-4.000000E+000,5.12E-1,
-3.990000E+000,5.12E-1,
-3.980000E+000,5.08E-1,
-3.970000E+000,6.56E-1,
-3.960000E+000,6.56E-1,
-3.950000E+000,4.6E-1,
-3.940000E+000,4.64E-1,
-3.930000E+000,4.64E-1,
-3.920000E+000,4.6E-1,
-3.910000E+000,4.6E-1,
-3.900000E+000,4.64E-1,
-3.890000E+000,4.6E-1,
-3.880000E+000,4.64E-1,
-3.870000E+000,4.56E-1,
-3.860000E+000,4.56E-1,
-3.850000E+000,5.12E-1,
-3.840000E+000,5.16E-1,
-3.830000E+000,5.16E-1,
-3.820000E+000,5.16E-1,
-3.810000E+000,5.16E-1,
-3.800000E+000,5.16E-1,
-3.790000E+000,5.16E-1,
-3.780000E+000,5.12E-1,
-3.770000E+000,5.16E-1,
-3.760000E+000,4.72E-1,
-3.750000E+000,4.72E-1,
-3.740000E+000,4.6E-1,
-3.730000E+000,4.68E-1,
-3.720000E+000,4.68E-1,
-3.710000E+000,4.68E-1,
-3.700000E+000,4.64E-1,
-3.690000E+000,4.64E-1,
-3.680000E+000,4.72E-1,
-3.670000E+000,4.68E-1,
-3.660000E+000,4.64E-1,
-3.650000E+000,5.2E-1,
-3.640000E+000,5.2E-1,
-3.630000E+000,5.16E-1,
-3.620000E+000,5.2E-1,
-3.610000E+000,5.16E-1,
-3.600000E+000,5.24E-1,
-3.590000E+000,5.24E-1,
-3.580000E+000,5.16E-1,
-3.570000E+000,5.24E-1,
-3.560000E+000,5.2E-1,
-3.550000E+000,6.28E-1,
-3.540000E+000,4.76E-1,
-3.530000E+000,4.76E-1,
-3.520000E+000,4.72E-1,
-3.510000E+000,4.72E-1,
-3.500000E+000,4.72E-1,
-3.490000E+000,4.72E-1,
-3.480000E+000,4.72E-1,
-3.470000E+000,4.72E-1,
-3.460000E+000,4.68E-1,
-3.450000E+000,5.24E-1,
-3.440000E+000,5.24E-1,
-3.430000E+000,5.24E-1,
-3.420000E+000,5.2E-1,
-3.410000E+000,5.28E-1,
-3.400000E+000,5.24E-1,
-3.390000E+000,5.24E-1,
-3.380000E+000,5.24E-1,
-3.370000E+000,5.24E-1,
-3.360000E+000,5.28E-1,
-3.350000E+000,4.72E-1,
-3.340000E+000,4.76E-1,
-3.330000E+000,4.76E-1,
-3.320000E+000,4.76E-1,
-3.310000E+000,4.76E-1,
-3.300000E+000,4.76E-1,
-3.290000E+000,4.76E-1,
-3.280000E+000,4.76E-1,
-3.270000E+000,4.76E-1,
-3.260000E+000,4.76E-1,
-3.250000E+000,4.76E-1,
-3.240000E+000,5.28E-1,
-3.230000E+000,5.28E-1,
-3.220000E+000,5.32E-1,
-3.210000E+000,5.32E-1,
-3.200000E+000,5.28E-1,
-3.190000E+000,5.28E-1,
-3.180000E+000,5.32E-1,
-3.170000E+000,5.24E-1,
-3.160000E+000,5.24E-1,
-3.150000E+000,5.28E-1,
-3.140000E+000,5.6E-1,
-3.130000E+000,4.8E-1,
-3.120000E+000,4.84E-1,
-3.110000E+000,4.84E-1,
-3.100000E+000,4.84E-1,
-3.090000E+000,4.88E-1,
-3.080000E+000,4.8E-1,
-3.070000E+000,4.8E-1,
-3.060000E+000,4.8E-1,
-3.050000E+000,4.8E-1,
-3.040000E+000,5.36E-1,
-3.030000E+000,5.36E-1,
-3.020000E+000,5.36E-1,
-3.010000E+000,5.32E-1,
-3.000000E+000,5.32E-1,
-2.990000E+000,5.32E-1,
-2.980000E+000,5.32E-1,
-2.970000E+000,5.36E-1,
-2.960000E+000,5.36E-1,
-2.950000E+000,4.88E-1,
-2.940000E+000,4.88E-1,
-2.930000E+000,4.88E-1,
-2.920000E+000,4.84E-1,
-2.910000E+000,4.84E-1,
-2.900000E+000,4.92E-1,
-2.890000E+000,4.84E-1,
-2.880000E+000,4.84E-1,
-2.870000E+000,4.88E-1,
-2.860000E+000,4.84E-1,
-2.850000E+000,4.84E-1,
-2.840000E+000,5.4E-1,
-2.830000E+000,5.4E-1,
-2.820000E+000,5.36E-1,
-2.810000E+000,5.36E-1,
-2.800000E+000,5.4E-1,
-2.790000E+000,5.4E-1,
-2.780000E+000,5.4E-1,
-2.770000E+000,5.4E-1,
-2.760000E+000,5.36E-1,
-2.750000E+000,5.36E-1,
-2.740000E+000,5.2E-1,
-2.730000E+000,5.2E-1,
-2.720000E+000,4.88E-1,
-2.710000E+000,4.92E-1,
-2.700000E+000,4.92E-1,
-2.690000E+000,4.92E-1,
-2.680000E+000,4.92E-1,
-2.670000E+000,4.92E-1,
-2.660000E+000,4.92E-1,
-2.650000E+000,4.88E-1,
-2.640000E+000,5.4E-1,
-2.630000E+000,5.44E-1,
-2.620000E+000,5.44E-1,
-2.610000E+000,5.4E-1,
-2.600000E+000,5.4E-1,
-2.590000E+000,5.4E-1,
-2.580000E+000,5.4E-1,
-2.570000E+000,5.44E-1,
-2.560000E+000,5.44E-1,
-2.550000E+000,5.44E-1,
-2.540000E+000,4.96E-1,
-2.530000E+000,4.96E-1,
-2.520000E+000,4.96E-1,
-2.510000E+000,4.96E-1,
-2.500000E+000,4.92E-1,
-2.490000E+000,4.96E-1,
-2.480000E+000,4.92E-1,
-2.470000E+000,4.96E-1,
-2.460000E+000,4.92E-1,
-2.450000E+000,4.92E-1,
-2.440000E+000,5.52E-1,
-2.430000E+000,5.48E-1,
-2.420000E+000,5.48E-1,
-2.410000E+000,5.48E-1,
-2.400000E+000,5.48E-1,
-2.390000E+000,5.48E-1,
-2.380000E+000,5.48E-1,
-2.370000E+000,5.48E-1,
-2.360000E+000,5.52E-1,
-2.350000E+000,5.52E-1,
-2.340000E+000,5E-1,
-2.330000E+000,5E-1,
-2.320000E+000,5.08E-1,
-2.310000E+000,4.96E-1,
-2.300000E+000,5E-1,
-2.290000E+000,5E-1,
-2.280000E+000,5E-1,
-2.270000E+000,4.96E-1,
-2.260000E+000,5E-1,
-2.250000E+000,5.52E-1,
-2.240000E+000,5.52E-1,
-2.230000E+000,5.52E-1,
-2.220000E+000,5.56E-1,
-2.210000E+000,5.52E-1,
-2.200000E+000,5.6E-1,
-2.190000E+000,5.6E-1,
-2.180000E+000,5.52E-1,
-2.170000E+000,5.56E-1,
-2.160000E+000,5.52E-1,
-2.150000E+000,5.56E-1,
-2.140000E+000,5.04E-1,
-2.130000E+000,5.04E-1,
-2.120000E+000,5.04E-1,
-2.110000E+000,5.08E-1,
-2.100000E+000,5.08E-1,
-2.090000E+000,5.08E-1,
-2.080000E+000,5.08E-1,
-2.070000E+000,5.04E-1,
-2.060000E+000,5E-1,
-2.050000E+000,5E-1,
-2.040000E+000,5.56E-1,
-2.030000E+000,5.6E-1,
-2.020000E+000,5.6E-1,
-2.010000E+000,5.6E-1,
-2.000000E+000,5.56E-1,
-1.990000E+000,5.6E-1,
-1.980000E+000,5.6E-1,
-1.970000E+000,5.6E-1,
-1.960000E+000,5.6E-1,
-1.950000E+000,5.6E-1,
-1.940000E+000,5.24E-1,
-1.930000E+000,5.08E-1,
-1.920000E+000,5.08E-1,
-1.910000E+000,5.08E-1,
-1.900000E+000,5.08E-1,
-1.890000E+000,5.08E-1,
-1.880000E+000,5.08E-1,
-1.870000E+000,5.12E-1,
-1.860000E+000,5.12E-1,
-1.850000E+000,5.12E-1,
-1.840000E+000,5.08E-1,
-1.830000E+000,5.64E-1,
-1.820000E+000,5.6E-1,
-1.810000E+000,5.6E-1,
-1.800000E+000,5.56E-1,
-1.790000E+000,5.64E-1,
-1.780000E+000,5.56E-1,
-1.770000E+000,5.64E-1,
-1.760000E+000,5.6E-1,
-1.750000E+000,5.6E-1,
-1.740000E+000,5.68E-1,
-1.730000E+000,5.16E-1,
-1.720000E+000,5.12E-1,
-1.710000E+000,5.16E-1,
-1.700000E+000,5.16E-1,
-1.690000E+000,5.16E-1,
-1.680000E+000,5.16E-1,
-1.670000E+000,5.12E-1,
-1.660000E+000,5.2E-1,
-1.650000E+000,5.2E-1,
-1.640000E+000,5.16E-1,
-1.630000E+000,5.68E-1,
-1.620000E+000,5.64E-1,
-1.610000E+000,5.68E-1,
-1.600000E+000,5.68E-1,
-1.590000E+000,5.68E-1,
-1.580000E+000,5.72E-1,
-1.570000E+000,5.72E-1,
-1.560000E+000,5.72E-1,
-1.550000E+000,5.72E-1,
-1.540000E+000,5.72E-1,
-1.530000E+000,5.24E-1,
-1.520000E+000,5.2E-1,
-1.510000E+000,5.24E-1,
-1.500000E+000,5.24E-1,
-1.490000E+000,5.24E-1,
-1.480000E+000,5.16E-1,
-1.470000E+000,5.2E-1,
-1.460000E+000,5.2E-1,
-1.450000E+000,5.2E-1,
-1.440000E+000,5.72E-1,
-1.430000E+000,5.72E-1,
-1.420000E+000,5.72E-1,
-1.410000E+000,5.72E-1,
-1.400000E+000,6.32E-1,
-1.390000E+000,5.76E-1,
-1.380000E+000,5.8E-1,
-1.370000E+000,5.8E-1,
-1.360000E+000,5.72E-1,
-1.350000E+000,5.76E-1,
-1.340000E+000,5.76E-1,
-1.330000E+000,5.24E-1,
-1.320000E+000,5.24E-1,
-1.310000E+000,5.24E-1,
-1.300000E+000,5.24E-1,
-1.290000E+000,5.28E-1,
-1.280000E+000,5.24E-1,
-1.270000E+000,5.24E-1,
-1.260000E+000,5.24E-1,
-1.250000E+000,5.24E-1,
-1.240000E+000,5.28E-1,
-1.230000E+000,5.76E-1,
-1.220000E+000,5.76E-1,
-1.210000E+000,5.76E-1,
-1.200000E+000,5.76E-1,
-1.190000E+000,5.8E-1,
-1.180000E+000,5.76E-1,
-1.170000E+000,5.84E-1,
-1.160000E+000,5.84E-1,
-1.150000E+000,5.8E-1,
-1.140000E+000,5.84E-1,
-1.130000E+000,5.32E-1,
-1.120000E+000,5.28E-1,
-1.110000E+000,5.28E-1,
-1.100000E+000,5.28E-1,
-1.090000E+000,5.28E-1,
-1.080000E+000,5.28E-1,
-1.070000E+000,5.28E-1,
-1.060000E+000,5.28E-1,
-1.050000E+000,5.28E-1,
-1.040000E+000,5.32E-1,
-1.030000E+000,5.84E-1,
-1.020000E+000,5.84E-1,
-1.010000E+000,5.84E-1,
-1.000000E+000,5.84E-1,
-9.900000E-001,6.64E-1,
-9.800000E-001,5.84E-1,
-9.700000E-001,5.84E-1,
-9.600000E-001,5.84E-1,
-9.500000E-001,5.84E-1,
-9.400000E-001,5.84E-1,
-9.300000E-001,5.36E-1,
-9.200000E-001,5.36E-1,
-9.100000E-001,5.32E-1,
-9.000000E-001,5.36E-1,
-8.900000E-001,5.36E-1,
-8.800000E-001,5.36E-1,
-8.700000E-001,5.4E-1,
-8.600000E-001,5.32E-1,
-8.500000E-001,5.32E-1,
-8.400000E-001,5.88E-1,
-8.300000E-001,5.88E-1,
-8.200000E-001,5.92E-1,
-8.100000E-001,5.88E-1,
-8.000000E-001,5.88E-1,
-7.900000E-001,5.92E-1,
-7.800000E-001,5.92E-1,
-7.700000E-001,5.88E-1,
-7.600000E-001,5.88E-1,
-7.500000E-001,5.88E-1,
-7.400000E-001,5.4E-1,
-7.300000E-001,5.4E-1,
-7.200000E-001,5.4E-1,
-7.100000E-001,5.4E-1,
-7.000000E-001,5.4E-1,
-6.900000E-001,5.36E-1,
-6.800000E-001,5.4E-1,
-6.700000E-001,5.4E-1,
-6.600000E-001,5.36E-1,
-6.500000E-001,5.4E-1,
-6.400000E-001,5.4E-1,
-6.300000E-001,5.88E-1,
-6.200000E-001,5.88E-1,
-6.100000E-001,5.92E-1,
-6.000000E-001,5.92E-1,
-5.900000E-001,5.88E-1,
-5.800000E-001,6.68E-1,
-5.700000E-001,5.92E-1,
-5.600000E-001,5.92E-1,
-5.500000E-001,5.88E-1,
-5.400000E-001,5.96E-1,
-5.300000E-001,5.92E-1,
-5.200000E-001,5.44E-1,
-5.100000E-001,5.44E-1,
-5.000000E-001,5.44E-1,
-4.900000E-001,5.4E-1,
-4.800000E-001,5.44E-1,
-4.700000E-001,5.4E-1,
-4.600000E-001,5.4E-1,
-4.500000E-001,5.44E-1,
-4.400000E-001,5.44E-1,
-4.300000E-001,5.44E-1,
-4.200000E-001,6E-1,
-4.100000E-001,6.04E-1,
-4.000000E-001,6.04E-1,
-3.900000E-001,5.96E-1,
-3.800000E-001,6E-1,
-3.700000E-001,6E-1,
-3.600000E-001,6E-1,
-3.500000E-001,6E-1,
-3.400000E-001,5.96E-1,
-3.300000E-001,6.04E-1,
-3.200000E-001,5.48E-1,
-3.100000E-001,5.48E-1,
-3.000000E-001,5.52E-1,
-2.900000E-001,5.52E-1,
-2.800000E-001,5.52E-1,
-2.700000E-001,5.56E-1,
-2.600000E-001,5.48E-1,
-2.500000E-001,5.48E-1,
-2.400000E-001,5.48E-1,
-2.300000E-001,5.48E-1,
-2.200000E-001,6.04E-1,
-2.100000E-001,6.04E-1,
-2.000000E-001,6.04E-1,
-1.900000E-001,6.04E-1,
-1.800000E-001,6.04E-1,
-1.700000E-001,6.2E-1,
-1.600000E-001,6.04E-1,
-1.500000E-001,6.04E-1,
-1.400000E-001,6.04E-1,
-1.300000E-001,6.04E-1,
-1.200000E-001,5.56E-1,
-1.100000E-001,5.56E-1,
-1.000000E-001,5.56E-1,
-9.000000E-002,5.56E-1,
-8.000000E-002,5.52E-1,
-7.000000E-002,5.52E-1,
-6.000000E-002,5.56E-1,
-5.000000E-002,5.52E-1,
-4.000000E-002,5.52E-1,
-3.000000E-002,6.08E-1,
-2.000000E-002,6.08E-1,
-1.000000E-002,6.08E-1,
0.000000E+000,6.08E-1,
1.000000E-002,6.08E-1,
2.000000E-002,6.08E-1,
3.000000E-002,6.08E-1,
4.000000E-002,6.04E-1,
5.000000E-002,6.08E-1,
6.000000E-002,6.08E-1,
7.000000E-002,6.12E-1,
8.000000E-002,5.56E-1,
9.000000E-002,5.56E-1,
1.000000E-001,5.6E-1,
1.100000E-001,5.56E-1,
1.200000E-001,5.6E-1,
1.300000E-001,5.56E-1,
1.400000E-001,5.56E-1,
1.500000E-001,5.56E-1,
1.600000E-001,5.6E-1,
1.700000E-001,5.6E-1,
1.800000E-001,6.16E-1,
1.900000E-001,6.16E-1,
2.000000E-001,6.16E-1,
2.100000E-001,6.16E-1,
2.200000E-001,6.16E-1,
2.300000E-001,6.12E-1,
2.400000E-001,6.12E-1,
2.500000E-001,6.12E-1,
2.600000E-001,6.16E-1,
2.700000E-001,6.12E-1,
2.800000E-001,5.72E-1,
2.900000E-001,5.68E-1,
3.000000E-001,5.64E-1,
3.100000E-001,5.64E-1,
3.200000E-001,5.6E-1,
3.300000E-001,5.64E-1,
3.400000E-001,5.68E-1,
3.500000E-001,5.6E-1,
3.600000E-001,5.6E-1,
3.700000E-001,5.64E-1,
3.800000E-001,6.16E-1,
3.900000E-001,6.16E-1,
4.000000E-001,6.2E-1,
4.100000E-001,6.2E-1,
4.200000E-001,6.2E-1,
4.300000E-001,6.16E-1,
4.400000E-001,6.2E-1,
4.500000E-001,6.2E-1,
4.600000E-001,6.2E-1,
4.700000E-001,6.2E-1,
4.800000E-001,5.72E-1,
4.900000E-001,5.72E-1,
5.000000E-001,5.72E-1,
5.100000E-001,5.68E-1,
5.200000E-001,5.68E-1,
5.300000E-001,5.68E-1,
5.400000E-001,5.72E-1,
5.500000E-001,5.72E-1,
5.600000E-001,5.72E-1,
5.700000E-001,6.2E-1,
5.800000E-001,6.2E-1,
5.900000E-001,6.24E-1,
6.000000E-001,6.2E-1,
6.100000E-001,6.24E-1,
6.200000E-001,6.2E-1,
6.300000E-001,6.2E-1,
6.400000E-001,6.24E-1,
6.500000E-001,6.24E-1,
6.600000E-001,6.24E-1,
6.700000E-001,6.2E-1,
6.800000E-001,5.72E-1,
6.900000E-001,5.72E-1,
7.000000E-001,5.72E-1,
7.100000E-001,5.72E-1,
7.200000E-001,5.72E-1,
7.300000E-001,5.76E-1,
7.400000E-001,5.76E-1,
7.500000E-001,6.52E-1,
7.600000E-001,5.72E-1,
7.700000E-001,5.72E-1,
7.800000E-001,6.12E-1,
7.900000E-001,6.24E-1,
8.000000E-001,6.24E-1,
8.100000E-001,6.36E-1,
8.200000E-001,6.32E-1,
8.300000E-001,6.28E-1,
8.400000E-001,6.36E-1,
8.500000E-001,6.36E-1,
8.600000E-001,6.28E-1,
8.700000E-001,6.32E-1,
8.800000E-001,6.28E-1,
8.900000E-001,5.72E-1,
9.000000E-001,5.8E-1,
9.100000E-001,5.8E-1,
9.200000E-001,5.8E-1,
9.300000E-001,5.8E-1,
9.400000E-001,5.76E-1,
9.500000E-001,5.8E-1,
9.600000E-001,5.8E-1,
9.700000E-001,5.8E-1,
9.800000E-001,5.8E-1,
9.900000E-001,6.36E-1,
1.000000E+000,6.36E-1,
1.010000E+000,6.36E-1,
1.020000E+000,6.36E-1,
1.030000E+000,6.36E-1,
1.040000E+000,6.36E-1,
1.050000E+000,6.32E-1,
1.060000E+000,6.36E-1,
1.070000E+000,6.36E-1,
1.080000E+000,6.36E-1,
1.090000E+000,5.88E-1,
1.100000E+000,5.88E-1,
1.110000E+000,5.84E-1,
1.120000E+000,5.84E-1,
1.130000E+000,5.84E-1,
1.140000E+000,5.84E-1,
1.150000E+000,5.84E-1,
1.160000E+000,7.24E-1,
1.170000E+000,5.84E-1,
1.180000E+000,5.84E-1,
1.190000E+000,6.4E-1,
1.200000E+000,6.36E-1,
1.210000E+000,6.88E-1,
1.220000E+000,6.4E-1,
1.230000E+000,6.4E-1,
1.240000E+000,6.4E-1,
1.250000E+000,6.36E-1,
1.260000E+000,6.4E-1,
1.270000E+000,6.36E-1,
1.280000E+000,5.88E-1,
1.290000E+000,5.88E-1,
1.300000E+000,5.88E-1,
1.310000E+000,5.84E-1,
1.320000E+000,5.88E-1,
1.330000E+000,5.92E-1,
1.340000E+000,5.92E-1,
1.350000E+000,5.92E-1,
1.360000E+000,5.88E-1,
1.370000E+000,5.92E-1,
1.380000E+000,5.92E-1,
1.390000E+000,6.44E-1,
1.400000E+000,6.44E-1,
1.410000E+000,6.44E-1,
1.420000E+000,6.44E-1,
1.430000E+000,6.44E-1,
1.440000E+000,6.44E-1,
1.450000E+000,6.44E-1,
1.460000E+000,6.44E-1,
1.470000E+000,6.44E-1,
1.480000E+000,6.4E-1,
1.490000E+000,5.92E-1,
1.500000E+000,5.92E-1,
1.510000E+000,5.92E-1,
1.520000E+000,5.92E-1,
1.530000E+000,7.04E-1,
1.540000E+000,5.92E-1,
1.550000E+000,5.92E-1,
1.560000E+000,5.92E-1,
1.570000E+000,7.44E-1,
1.580000E+000,5.96E-1,
1.590000E+000,6.48E-1,
1.600000E+000,6.52E-1,
1.610000E+000,6.52E-1,
1.620000E+000,6.48E-1,
1.630000E+000,6.48E-1,
1.640000E+000,6.48E-1,
1.650000E+000,6.52E-1,
1.660000E+000,6.52E-1,
1.670000E+000,6.52E-1,
1.680000E+000,6.52E-1,
1.690000E+000,6.04E-1,
1.700000E+000,5.96E-1,
1.710000E+000,6E-1,
1.720000E+000,6E-1,
1.730000E+000,6E-1,
1.740000E+000,6E-1,
1.750000E+000,6E-1,
1.760000E+000,5.96E-1,
1.770000E+000,6E-1,
1.780000E+000,6E-1,
1.790000E+000,6.52E-1,
1.800000E+000,6.52E-1,
1.810000E+000,6.56E-1,
1.820000E+000,6.56E-1,
1.830000E+000,6.56E-1,
1.840000E+000,6.56E-1,
1.850000E+000,6.52E-1,
1.860000E+000,6.56E-1,
1.870000E+000,6.56E-1,
1.880000E+000,6.04E-1,
1.890000E+000,6.04E-1,
1.900000E+000,6.04E-1,
1.910000E+000,6.04E-1,
1.920000E+000,6.04E-1,
1.930000E+000,6.04E-1,
1.940000E+000,6.04E-1,
1.950000E+000,6.04E-1,
1.960000E+000,6E-1,
1.970000E+000,6.08E-1,
1.980000E+000,7.64E-1,
1.990000E+000,6.56E-1,
2.000000E+000,6.56E-1,
2.010000E+000,6.6E-1,
2.020000E+000,6.68E-1,
2.030000E+000,6.56E-1,
2.040000E+000,6.6E-1,
2.050000E+000,6.6E-1,
2.060000E+000,6.6E-1,
2.070000E+000,6.56E-1,
2.080000E+000,6.6E-1,
2.090000E+000,6.2E-1,
2.100000E+000,6.08E-1,
2.110000E+000,6.08E-1,
2.120000E+000,6.12E-1,
2.130000E+000,6.08E-1,
2.140000E+000,6.08E-1,
2.150000E+000,6.08E-1,
2.160000E+000,6.08E-1,
2.170000E+000,6.04E-1,
2.180000E+000,6.12E-1,
2.190000E+000,6.08E-1,
2.200000E+000,6.6E-1,
2.210000E+000,6.6E-1,
2.220000E+000,6.64E-1,
2.230000E+000,6.64E-1,
2.240000E+000,6.68E-1,
2.250000E+000,6.68E-1,
2.260000E+000,6.64E-1,
2.270000E+000,6.64E-1,
2.280000E+000,6.68E-1,
2.290000E+000,6.64E-1,
2.300000E+000,6.12E-1,
2.310000E+000,6.12E-1,
2.320000E+000,6.12E-1,
2.330000E+000,6.16E-1,
2.340000E+000,6.2E-1,
2.350000E+000,6.12E-1,
2.360000E+000,6.12E-1,
2.370000E+000,6.12E-1,
2.380000E+000,6.12E-1,
2.390000E+000,7.64E-1,
2.400000E+000,6.68E-1,
2.410000E+000,6.68E-1,
2.420000E+000,6.72E-1,
2.430000E+000,6.72E-1,
2.440000E+000,6.68E-1,
2.450000E+000,6.72E-1,
2.460000E+000,6.72E-1,
2.470000E+000,6.68E-1,
2.480000E+000,6.72E-1,
2.490000E+000,6.72E-1,
2.500000E+000,6.2E-1,
2.510000E+000,6.2E-1,
2.520000E+000,6.2E-1,
2.530000E+000,6.2E-1,
2.540000E+000,6.2E-1,
2.550000E+000,6.2E-1,
2.560000E+000,6.16E-1,
2.570000E+000,6.2E-1,
2.580000E+000,6.16E-1,
2.590000E+000,6.76E-1,
2.600000E+000,6.76E-1,
2.610000E+000,6.72E-1,
2.620000E+000,6.72E-1,
2.630000E+000,6.72E-1,
2.640000E+000,6.72E-1,
2.650000E+000,6.72E-1,
2.660000E+000,6.72E-1,
2.670000E+000,6.76E-1,
2.680000E+000,6.72E-1,
2.690000E+000,6.76E-1,
2.700000E+000,6.24E-1,
2.710000E+000,6.24E-1,
2.720000E+000,6.24E-1,
2.730000E+000,6.28E-1,
2.740000E+000,6.24E-1,
2.750000E+000,6.24E-1,
2.760000E+000,6.24E-1,
2.770000E+000,6.24E-1,
2.780000E+000,6.24E-1,
2.790000E+000,6.28E-1,
2.800000E+000,8.28E-1,
2.810000E+000,6.76E-1,
2.820000E+000,6.76E-1,
2.830000E+000,6.8E-1,
2.840000E+000,6.8E-1,
2.850000E+000,6.84E-1,
2.860000E+000,6.8E-1,
2.870000E+000,6.8E-1,
2.880000E+000,6.8E-1,
2.890000E+000,6.76E-1,
2.900000E+000,6.32E-1,
2.910000E+000,6.32E-1,
2.920000E+000,6.28E-1,
2.930000E+000,6.28E-1,
2.940000E+000,6.32E-1,
2.950000E+000,6.24E-1,
2.960000E+000,6.28E-1,
2.970000E+000,6.28E-1,
2.980000E+000,6.28E-1,
2.990000E+000,6.28E-1,
3.000000E+000,6.8E-1,
3.010000E+000,6.84E-1,
3.020000E+000,6.84E-1,
3.030000E+000,6.84E-1,
3.040000E+000,6.84E-1,
3.050000E+000,6.84E-1,
3.060000E+000,6.84E-1,
3.070000E+000,6.84E-1,
3.080000E+000,6.88E-1,
3.090000E+000,6.88E-1,
3.100000E+000,6.36E-1,
3.110000E+000,6.36E-1,
3.120000E+000,6.32E-1,
3.130000E+000,6.32E-1,
3.140000E+000,6.32E-1,
3.150000E+000,6.32E-1,
3.160000E+000,6.36E-1,
3.170000E+000,6.32E-1,
3.180000E+000,6.36E-1,
3.190000E+000,6.88E-1,
3.200000E+000,6.88E-1,
3.210000E+000,6.92E-1,
3.220000E+000,6.88E-1,
3.230000E+000,6.92E-1,
3.240000E+000,6.92E-1,
3.250000E+000,6.92E-1,
3.260000E+000,6.88E-1,
3.270000E+000,6.88E-1,
3.280000E+000,6.88E-1,
3.290000E+000,6.92E-1,
3.300000E+000,6.4E-1,
3.310000E+000,6.4E-1,
3.320000E+000,6.4E-1,
3.330000E+000,6.4E-1,
3.340000E+000,6.36E-1,
3.350000E+000,6.36E-1,
3.360000E+000,6.36E-1,
3.370000E+000,6.44E-1,
3.380000E+000,6.4E-1,
3.390000E+000,6.4E-1,
3.400000E+000,6.84E-1,
3.410000E+000,6.96E-1,
3.420000E+000,6.96E-1,
3.430000E+000,7E-1,
3.440000E+000,7E-1,
3.450000E+000,6.96E-1,
3.460000E+000,6.96E-1,
3.470000E+000,6.96E-1,
3.480000E+000,6.96E-1,
3.490000E+000,6.96E-1,
3.500000E+000,6.96E-1,
3.510000E+000,6.44E-1,
3.520000E+000,6.44E-1,
3.530000E+000,6.44E-1,
3.540000E+000,6.44E-1,
3.550000E+000,6.44E-1,
3.560000E+000,6.4E-1,
3.570000E+000,6.48E-1,
3.580000E+000,6.48E-1,
3.590000E+000,6.44E-1,
3.600000E+000,6.44E-1,
3.610000E+000,7.04E-1,
3.620000E+000,7E-1,
3.630000E+000,7E-1,
3.640000E+000,7E-1,
3.650000E+000,7E-1,
3.660000E+000,7E-1,
3.670000E+000,7E-1,
3.680000E+000,7E-1,
3.690000E+000,7E-1,
3.700000E+000,7E-1,
3.710000E+000,6.52E-1,
3.720000E+000,7.64E-1,
3.730000E+000,6.52E-1,
3.740000E+000,6.48E-1,
3.750000E+000,6.48E-1,
3.760000E+000,6.48E-1,
3.770000E+000,6.48E-1,
3.780000E+000,6.48E-1,
3.790000E+000,6.48E-1,
3.800000E+000,6.48E-1,
3.810000E+000,7.04E-1,
3.820000E+000,7.04E-1,
3.830000E+000,7.04E-1,
3.840000E+000,7.08E-1,
3.850000E+000,7.04E-1,
3.860000E+000,7.04E-1,
3.870000E+000,7.04E-1,
3.880000E+000,7.08E-1,
3.890000E+000,7.08E-1,
3.900000E+000,6.56E-1,
3.910000E+000,6.56E-1,
3.920000E+000,6.56E-1,
3.930000E+000,6.6E-1,
3.940000E+000,6.56E-1,
3.950000E+000,6.52E-1,
3.960000E+000,6.56E-1,
3.970000E+000,6.56E-1,
3.980000E+000,6.52E-1,
3.990000E+000,6.52E-1,
4.000000E+000,6.52E-1,
4.010000E+000,7.12E-1,
4.020000E+000,7.12E-1,
4.030000E+000,7.12E-1,
4.040000E+000,7.12E-1,
4.050000E+000,7.08E-1,
4.060000E+000,7.04E-1,
4.070000E+000,7.12E-1,
4.080000E+000,7.12E-1,
4.090000E+000,7.12E-1,
4.100000E+000,7.12E-1,
4.110000E+000,6.6E-1,
4.120000E+000,8.08E-1,
4.130000E+000,8.08E-1,
4.140000E+000,6.6E-1,
4.150000E+000,6.6E-1,
4.160000E+000,6.6E-1,
4.170000E+000,6.56E-1,
4.180000E+000,6.56E-1,
4.190000E+000,6.56E-1,
4.200000E+000,6.64E-1,
4.210000E+000,7.12E-1,
4.220000E+000,7.12E-1,
4.230000E+000,7.16E-1,
4.240000E+000,7.16E-1,
4.250000E+000,7.16E-1,
4.260000E+000,7.16E-1,
4.270000E+000,7.12E-1,
4.280000E+000,7.16E-1,
4.290000E+000,7.08E-1,
4.300000E+000,7.08E-1,
4.310000E+000,6.68E-1,
4.320000E+000,6.68E-1,
4.330000E+000,6.64E-1,
4.340000E+000,6.68E-1,
4.350000E+000,6.68E-1,
4.360000E+000,6.68E-1,
4.370000E+000,6.68E-1,
4.380000E+000,6.68E-1,
4.390000E+000,6.68E-1,
4.400000E+000,7.24E-1,
4.410000E+000,7.24E-1,
4.420000E+000,7.24E-1,
4.430000E+000,7.2E-1,
4.440000E+000,7.24E-1,
4.450000E+000,7.2E-1,
4.460000E+000,7.2E-1,
4.470000E+000,7.2E-1,
4.480000E+000,7.24E-1,
4.490000E+000,7.24E-1,
4.500000E+000,7.2E-1,
4.510000E+000,6.72E-1,
4.520000E+000,6.72E-1,
4.530000E+000,6.68E-1,
4.540000E+000,8.28E-1,
4.550000E+000,6.72E-1,
4.560000E+000,6.68E-1,
4.570000E+000,6.68E-1,
4.580000E+000,6.76E-1,
4.590000E+000,6.68E-1,
4.600000E+000,6.68E-1,
4.610000E+000,7.2E-1,
4.620000E+000,7.28E-1,
4.630000E+000,7.28E-1,
4.640000E+000,7.32E-1,
4.650000E+000,7.32E-1,
4.660000E+000,7.28E-1,
4.670000E+000,7.2E-1,
4.680000E+000,7.2E-1,
4.690000E+000,7.2E-1,
4.700000E+000,7.24E-1,
4.710000E+000,6.88E-1,
4.720000E+000,6.76E-1,
4.730000E+000,6.72E-1,
4.740000E+000,6.72E-1,
4.750000E+000,6.76E-1,
4.760000E+000,6.76E-1,
4.770000E+000,6.76E-1,
4.780000E+000,6.72E-1,
4.790000E+000,6.72E-1,
4.800000E+000,6.72E-1,
4.810000E+000,6.76E-1,
4.820000E+000,7.32E-1,
4.830000E+000,7.32E-1,
4.840000E+000,7.32E-1,
4.850000E+000,7.32E-1,
4.860000E+000,7.32E-1,
4.870000E+000,7.28E-1,
4.880000E+000,7.28E-1,
4.890000E+000,7.36E-1,
4.900000E+000,7.32E-1,
4.910000E+000,7.32E-1,
4.920000E+000,6.8E-1,
4.930000E+000,6.8E-1,
4.940000E+000,6.84E-1,
4.950000E+000,6.76E-1,
4.960000E+000,6.76E-1,
4.970000E+000,6.84E-1,
4.980000E+000,6.8E-1,
4.990000E+000,6.76E-1,
5.000000E+000,6.8E-1,
5.010000E+000,6.8E-1,
5.020000E+000,7.32E-1,
5.030000E+000,7.36E-1,
5.040000E+000,7.36E-1,
5.050000E+000,7.32E-1,
5.060000E+000,7.36E-1,
5.070000E+000,7.36E-1,
5.080000E+000,7.36E-1,
5.090000E+000,7.32E-1,
5.100000E+000,7.36E-1,
5.110000E+000,6.88E-1,
5.120000E+000,6.88E-1,
5.130000E+000,6.84E-1,
5.140000E+000,6.84E-1,
5.150000E+000,6.84E-1,
5.160000E+000,6.88E-1,
5.170000E+000,6.88E-1,
5.180000E+000,6.88E-1,
5.190000E+000,6.84E-1,
5.200000E+000,6.84E-1,
5.210000E+000,6.84E-1,
5.220000E+000,7.4E-1,
5.230000E+000,7.4E-1,
5.240000E+000,7.4E-1,
5.250000E+000,7.44E-1,
5.260000E+000,7.4E-1,
5.270000E+000,7.4E-1,
5.280000E+000,7.44E-1,
5.290000E+000,7.44E-1,
5.300000E+000,7.36E-1,
5.310000E+000,7.4E-1,
5.320000E+000,6.88E-1,
5.330000E+000,6.88E-1,
5.340000E+000,6.92E-1,
5.350000E+000,6.92E-1,
5.360000E+000,7.16E-1,
5.370000E+000,6.88E-1,
5.380000E+000,6.88E-1,
5.390000E+000,6.88E-1,
5.400000E+000,6.88E-1,
5.410000E+000,6.88E-1,
5.420000E+000,7.44E-1,
5.430000E+000,7.48E-1,
5.440000E+000,7.48E-1,
5.450000E+000,7.44E-1,
5.460000E+000,7.44E-1,
5.470000E+000,7.4E-1,
5.480000E+000,7.44E-1,
5.490000E+000,7.44E-1,
5.500000E+000,7.48E-1,
5.510000E+000,7.48E-1,
5.520000E+000,6.96E-1,
5.530000E+000,7E-1,
5.540000E+000,6.96E-1,
5.550000E+000,6.96E-1,
5.560000E+000,6.96E-1,
5.570000E+000,6.96E-1,
5.580000E+000,7E-1,
5.590000E+000,7E-1,
5.600000E+000,7E-1,
5.610000E+000,7.48E-1,
5.620000E+000,7.48E-1,
5.630000E+000,7.52E-1,
5.640000E+000,7.52E-1,
5.650000E+000,7.48E-1,
5.660000E+000,7.48E-1,
5.670000E+000,7.52E-1,
5.680000E+000,7.52E-1,
5.690000E+000,7.52E-1,
5.700000E+000,7.52E-1,
5.710000E+000,7.48E-1,
5.720000E+000,7E-1,
5.730000E+000,7E-1,
5.740000E+000,7E-1,
5.750000E+000,7E-1,
5.760000E+000,7E-1,
5.770000E+000,7.04E-1,
5.780000E+000,7E-1,
5.790000E+000,7E-1,
5.800000E+000,7.04E-1,
5.810000E+000,7.04E-1,
5.820000E+000,7.52E-1,
5.830000E+000,7.56E-1,
5.840000E+000,7.56E-1,
5.850000E+000,7.52E-1,
5.860000E+000,7.56E-1,
5.870000E+000,7.52E-1,
5.880000E+000,7.56E-1,
5.890000E+000,7.56E-1,
5.900000E+000,7.56E-1,
5.910000E+000,7.52E-1,
5.920000E+000,7.04E-1,
5.930000E+000,7.04E-1,
5.940000E+000,7.08E-1,
5.950000E+000,7.08E-1,
5.960000E+000,7.04E-1,
5.970000E+000,7.04E-1,
5.980000E+000,7.08E-1,
5.990000E+000,7.04E-1,
6.000000E+000,7.04E-1,
6.010000E+000,7.04E-1,
6.020000E+000,7.52E-1,
6.030000E+000,7.6E-1,
6.040000E+000,7.6E-1,
6.050000E+000,7.56E-1,
6.060000E+000,7.56E-1,
6.070000E+000,7.6E-1,
6.080000E+000,7.64E-1,
6.090000E+000,7.6E-1,
6.100000E+000,7.6E-1,
6.110000E+000,7.44E-1,
6.120000E+000,7.44E-1,
6.130000E+000,7.16E-1,
6.140000E+000,7.12E-1,
6.150000E+000,7.08E-1,
6.160000E+000,7.12E-1,
6.170000E+000,7.12E-1,
6.180000E+000,7.12E-1,
6.190000E+000,7.12E-1,
6.200000E+000,7.12E-1,
6.210000E+000,7.08E-1,
6.220000E+000,7.64E-1,
6.230000E+000,7.64E-1,
6.240000E+000,7.64E-1,
6.250000E+000,7.64E-1,
6.260000E+000,7.64E-1,
6.270000E+000,7.64E-1,
6.280000E+000,7.64E-1,
6.290000E+000,7.64E-1,
6.300000E+000,7.68E-1,
6.310000E+000,7.68E-1,
6.320000E+000,7.68E-1,
6.330000E+000,7.16E-1,
6.340000E+000,7.16E-1,
6.350000E+000,7.16E-1,
6.360000E+000,7.16E-1,
6.370000E+000,7.16E-1,
6.380000E+000,7.16E-1,
6.390000E+000,7.2E-1,
6.400000E+000,7.2E-1,
6.410000E+000,7.16E-1,
6.420000E+000,7.16E-1,
6.430000E+000,7.68E-1,
6.440000E+000,7.68E-1,
6.450000E+000,7.68E-1,
6.460000E+000,7.68E-1,
6.470000E+000,7.64E-1,
6.480000E+000,7.68E-1,
6.490000E+000,7.68E-1,
6.500000E+000,7.72E-1,
6.510000E+000,7.72E-1,
6.520000E+000,7.72E-1,
6.530000E+000,7.2E-1,
6.540000E+000,7.2E-1,
6.550000E+000,7.2E-1,
6.560000E+000,7.2E-1,
6.570000E+000,7.2E-1,
6.580000E+000,7.2E-1,
6.590000E+000,7.16E-1,
6.600000E+000,7.2E-1,
6.610000E+000,7.2E-1,
6.620000E+000,7.2E-1,
6.630000E+000,3.2E-1,
6.640000E+000,3.28E-1,
6.650000E+000,5.04E-1,
6.660000E+000,5.04E-1,
6.670000E+000,5.04E-1,
6.680000E+000,5E-1,
6.690000E+000,6.2E-1,
6.700000E+000,5.08E-1,
6.710000E+000,5.08E-1,
6.720000E+000,4.52E-1,
6.730000E+000,4.52E-1,
6.740000E+000,4.6E-1,
6.750000E+000,4.56E-1,
6.760000E+000,4.56E-1,
6.770000E+000,4.56E-1,
6.780000E+000,4.56E-1,
6.790000E+000,4.56E-1,
6.800000E+000,4.6E-1,
6.810000E+000,4.6E-1,
6.820000E+000,4.64E-1,
6.830000E+000,5.12E-1,
6.840000E+000,5.12E-1,
6.850000E+000,5.12E-1,
6.860000E+000,5.12E-1,
6.870000E+000,5.08E-1,
6.880000E+000,5.12E-1,
6.890000E+000,5.12E-1,
6.900000E+000,5.08E-1,
6.910000E+000,5.08E-1,
6.920000E+000,5.08E-1,
6.930000E+000,4.64E-1,
6.940000E+000,4.6E-1,
6.950000E+000,4.6E-1,
6.960000E+000,4.64E-1,
6.970000E+000,4.6E-1,
6.980000E+000,4.6E-1,
6.990000E+000,4.6E-1,
7.000000E+000,4.6E-1,
7.010000E+000,4.6E-1,
7.020000E+000,4.64E-1,
7.030000E+000,5.12E-1,
7.040000E+000,5.16E-1,
7.050000E+000,5.2E-1,
7.060000E+000,5.2E-1,
7.070000E+000,5.16E-1,
7.080000E+000,5.16E-1,
7.090000E+000,5.16E-1,
7.100000E+000,6.64E-1,
7.110000E+000,6.44E-1,
7.120000E+000,6.44E-1,
7.130000E+000,4.64E-1,
7.140000E+000,4.68E-1,
7.150000E+000,4.64E-1,
7.160000E+000,4.64E-1,
7.170000E+000,4.64E-1,
7.180000E+000,4.64E-1,
7.190000E+000,4.68E-1,
7.200000E+000,4.64E-1,
7.210000E+000,4.68E-1,
7.220000E+000,5.16E-1,
7.230000E+000,5.16E-1,
7.240000E+000,5.2E-1,
7.250000E+000,5.2E-1,
7.260000E+000,5.12E-1,
7.270000E+000,5.24E-1,
7.280000E+000,5.24E-1,
7.290000E+000,5.2E-1,
7.300000E+000,5.2E-1,
7.310000E+000,5.2E-1,
7.320000E+000,5.2E-1,
7.330000E+000,4.76E-1,
7.340000E+000,4.76E-1,
7.350000E+000,4.72E-1,
7.360000E+000,4.68E-1,
7.370000E+000,4.72E-1,
7.380000E+000,4.72E-1,
7.390000E+000,4.72E-1,
7.400000E+000,4.76E-1,
7.410000E+000,4.68E-1,
7.420000E+000,4.68E-1,
7.430000E+000,4.88E-1,
7.440000E+000,5.24E-1,
7.450000E+000,5.24E-1,
7.460000E+000,5.24E-1,
7.470000E+000,5.28E-1,
7.480000E+000,5.24E-1,
7.490000E+000,5.24E-1,
7.500000E+000,6.76E-1,
7.510000E+000,6.76E-1,
7.520000E+000,5.2E-1,
7.530000E+000,5.24E-1,
7.540000E+000,4.76E-1,
7.550000E+000,4.76E-1,
7.560000E+000,4.76E-1,
7.570000E+000,4.76E-1,
7.580000E+000,4.76E-1,
7.590000E+000,4.76E-1,
7.600000E+000,4.76E-1,
7.610000E+000,4.76E-1,
7.620000E+000,4.76E-1,
7.630000E+000,4.76E-1,
7.640000E+000,5.28E-1,
7.650000E+000,5.32E-1,
7.660000E+000,5.28E-1,
7.670000E+000,5.28E-1,
7.680000E+000,5.28E-1,
7.690000E+000,5.28E-1,
7.700000E+000,5.32E-1,
7.710000E+000,5.28E-1,
7.720000E+000,5.28E-1,
7.730000E+000,5.28E-1,
7.740000E+000,4.84E-1,
7.750000E+000,4.8E-1,
7.760000E+000,4.84E-1,
7.770000E+000,4.8E-1,
7.780000E+000,4.8E-1,
7.790000E+000,4.8E-1,
7.800000E+000,4.8E-1,
7.810000E+000,4.8E-1,
7.820000E+000,4.8E-1,
7.830000E+000,5.24E-1,
7.840000E+000,5.24E-1,
7.850000E+000,5.36E-1,
7.860000E+000,5.36E-1,
7.870000E+000,5.36E-1,
7.880000E+000,5.32E-1,
7.890000E+000,5.32E-1,
7.900000E+000,5.36E-1,
7.910000E+000,5.32E-1,
7.920000E+000,6.88E-1,
7.930000E+000,5.36E-1,
7.940000E+000,4.84E-1,
7.950000E+000,4.84E-1,
7.960000E+000,4.84E-1,
7.970000E+000,4.88E-1,
7.980000E+000,4.84E-1,
7.990000E+000,4.88E-1,
8.000000E+000,4.84E-1,
8.010000E+000,4.84E-1,
8.020000E+000,4.88E-1,
8.030000E+000,6.2E-1,
8.040000E+000,5.4E-1,
8.050000E+000,5.4E-1,
8.060000E+000,5.4E-1,
8.070000E+000,5.36E-1,
8.080000E+000,5.4E-1,
8.090000E+000,5.4E-1,
8.100000E+000,5.36E-1,
8.110000E+000,5.4E-1,
8.120000E+000,5.4E-1,
8.130000E+000,5.4E-1,
8.140000E+000,4.88E-1,
8.150000E+000,4.92E-1,
8.160000E+000,4.92E-1,
8.170000E+000,4.92E-1,
8.180000E+000,4.92E-1,
8.190000E+000,4.88E-1,
8.200000E+000,4.88E-1,
8.210000E+000,4.92E-1,
8.220000E+000,4.92E-1,
8.230000E+000,4.92E-1,
8.240000E+000,5.4E-1,
8.250000E+000,5.4E-1,
8.260000E+000,5.4E-1,
8.270000E+000,5.44E-1,
8.280000E+000,5.48E-1,
8.290000E+000,5.48E-1,
8.300000E+000,5.4E-1,
8.310000E+000,5.44E-1,
8.320000E+000,5.44E-1,
8.330000E+000,5.04E-1,
8.340000E+000,5.04E-1,
8.350000E+000,4.96E-1,
8.360000E+000,4.96E-1,
8.370000E+000,4.92E-1,
8.380000E+000,4.96E-1,
8.390000E+000,4.96E-1,
8.400000E+000,4.92E-1,
8.410000E+000,4.96E-1,
8.420000E+000,4.96E-1,
8.430000E+000,4.92E-1,
8.440000E+000,5.48E-1,
8.450000E+000,5.48E-1,
8.460000E+000,5.48E-1,
8.470000E+000,5.48E-1,
8.480000E+000,5.44E-1,
8.490000E+000,5.48E-1,
8.500000E+000,5.52E-1,
8.510000E+000,5.52E-1,
8.520000E+000,5.52E-1,
8.530000E+000,5.48E-1,
8.540000E+000,5.04E-1,
8.550000E+000,4.96E-1,
8.560000E+000,4.96E-1,
8.570000E+000,5E-1,
8.580000E+000,5E-1,
8.590000E+000,4.96E-1,
8.600000E+000,5E-1,
8.610000E+000,5E-1,
8.620000E+000,5E-1,
8.630000E+000,5E-1,
8.640000E+000,5.52E-1,
8.650000E+000,5.52E-1,
8.660000E+000,5.56E-1,
8.670000E+000,5.56E-1,
8.680000E+000,5.52E-1,
8.690000E+000,5.56E-1,
8.700000E+000,5.56E-1,
8.710000E+000,5.56E-1,
8.720000E+000,5.56E-1,
8.730000E+000,5.56E-1,
8.740000E+000,5.16E-1,
8.750000E+000,5.04E-1,
8.760000E+000,5.04E-1,
8.770000E+000,5.04E-1,
8.780000E+000,5.08E-1,
8.790000E+000,5.08E-1,
8.800000E+000,5.08E-1,
8.810000E+000,5.04E-1,
8.820000E+000,5.12E-1,
8.830000E+000,5.04E-1,
8.840000E+000,5.04E-1,
8.850000E+000,5.6E-1,
8.860000E+000,5.6E-1,
8.870000E+000,5.56E-1,
8.880000E+000,5.56E-1,
8.890000E+000,5.6E-1,
8.900000E+000,5.6E-1,
8.910000E+000,5.6E-1,
8.920000E+000,5.6E-1,
8.930000E+000,5.56E-1,
8.940000E+000,5.16E-1,
8.950000E+000,5.16E-1,
8.960000E+000,5.08E-1,
8.970000E+000,5.12E-1,
8.980000E+000,5.12E-1,
8.990000E+000,5.08E-1,
9.000000E+000,5.04E-1,
9.010000E+000,5.04E-1,
9.020000E+000,5.08E-1,
9.030000E+000,5.08E-1,
9.040000E+000,5.12E-1,
9.050000E+000,5.6E-1,
9.060000E+000,5.64E-1,
9.070000E+000,5.64E-1,
9.080000E+000,5.64E-1,
9.090000E+000,5.68E-1,
9.100000E+000,5.68E-1,
9.110000E+000,5.6E-1,
9.120000E+000,5.6E-1,
9.130000E+000,5.6E-1,
9.140000E+000,5.64E-1,
9.150000E+000,5.16E-1,
9.160000E+000,5.16E-1,
9.170000E+000,5.16E-1,
9.180000E+000,5.16E-1,
9.190000E+000,5.12E-1,
9.200000E+000,5.16E-1,
9.210000E+000,5.12E-1,
9.220000E+000,5.12E-1,
9.230000E+000,5.12E-1,
9.240000E+000,5.16E-1,
9.250000E+000,7.2E-1,
9.260000E+000,5.72E-1,
9.270000E+000,5.68E-1,
9.280000E+000,5.72E-1,
9.290000E+000,5.72E-1,
9.300000E+000,5.68E-1,
9.310000E+000,5.68E-1,
9.320000E+000,5.68E-1,
9.330000E+000,5.72E-1,
9.340000E+000,5.72E-1,
9.350000E+000,5.2E-1,
9.360000E+000,5.24E-1,
9.370000E+000,5.16E-1,
9.380000E+000,5.24E-1,
9.390000E+000,5.2E-1,
9.400000E+000,5.2E-1,
9.410000E+000,5.2E-1,
9.420000E+000,5.16E-1,
9.430000E+000,5.24E-1,
9.440000E+000,5.72E-1,
9.450000E+000,5.72E-1,
9.460000E+000,5.72E-1,
9.470000E+000,5.72E-1,
9.480000E+000,5.76E-1,
9.490000E+000,5.72E-1,
9.500000E+000,5.76E-1,
9.510000E+000,5.76E-1,
9.520000E+000,5.76E-1,
9.530000E+000,5.76E-1,
9.540000E+000,5.72E-1,
9.550000E+000,5.28E-1,
9.560000E+000,5.24E-1,
9.570000E+000,5.24E-1,
9.580000E+000,5.24E-1,
9.590000E+000,5.24E-1,
9.600000E+000,5.28E-1,
9.610000E+000,5.24E-1,
9.620000E+000,5.24E-1,
9.630000E+000,5.24E-1,
9.640000E+000,5.2E-1,
9.650000E+000,5.8E-1,
9.660000E+000,7.36E-1,
9.670000E+000,5.8E-1,
9.680000E+000,5.8E-1,
9.690000E+000,5.76E-1,
9.700000E+000,5.76E-1,
9.710000E+000,5.8E-1,
9.720000E+000,5.8E-1,
9.730000E+000,5.8E-1,
9.740000E+000,5.8E-1,
9.750000E+000,5.32E-1,
9.760000E+000,5.28E-1,
9.770000E+000,5.28E-1,
9.780000E+000,5.28E-1,
9.790000E+000,5.28E-1,
9.800000E+000,5.36E-1,
9.810000E+000,5.32E-1,
9.820000E+000,5.28E-1,
9.830000E+000,5.32E-1,
9.840000E+000,5.8E-1,
9.850000E+000,5.8E-1,
9.860000E+000,5.84E-1,
9.870000E+000,5.84E-1,
9.880000E+000,5.84E-1,
9.890000E+000,5.88E-1,
9.900000E+000,5.88E-1,
9.910000E+000,5.84E-1,
9.920000E+000,5.84E-1,
9.930000E+000,5.84E-1,
9.940000E+000,5.84E-1,
9.950000E+000,5.4E-1,
9.960000E+000,5.4E-1,
9.970000E+000,5.32E-1,
9.980000E+000,5.32E-1,
9.990000E+000,5.32E-1,
1.000000E+001,5.36E-1,
1.001000E+001,5.36E-1,
1.002000E+001,5.36E-1,
1.003000E+001,5.4E-1,
1.004000E+001,5.4E-1,
1.005000E+001,5.76E-1,
1.006000E+001,7.2E-1,
1.007000E+001,7.2E-1,
1.008000E+001,5.92E-1,
1.009000E+001,5.88E-1,
1.010000E+001,5.88E-1,
1.011000E+001,5.92E-1,
1.012000E+001,5.92E-1,
1.013000E+001,5.92E-1,
1.014000E+001,5.88E-1,
1.015000E+001,5.92E-1,
1.016000E+001,5.4E-1,
1.017000E+001,5.4E-1,
1.018000E+001,5.4E-1,
1.019000E+001,5.4E-1,
1.020000E+001,5.4E-1,
1.021000E+001,5.4E-1,
1.022000E+001,5.4E-1,
1.023000E+001,5.4E-1,
1.024000E+001,5.4E-1,
1.025000E+001,5.4E-1,
1.026000E+001,5.92E-1,
1.027000E+001,5.96E-1,
1.028000E+001,5.92E-1,
1.029000E+001,5.92E-1,
1.030000E+001,5.92E-1,
1.031000E+001,5.96E-1,
1.032000E+001,5.96E-1,
1.033000E+001,5.92E-1,
1.034000E+001,5.96E-1,
1.035000E+001,5.96E-1,
1.036000E+001,5.44E-1,
1.037000E+001,5.44E-1,
1.038000E+001,5.44E-1,
1.039000E+001,5.48E-1,
1.040000E+001,5.48E-1,
1.041000E+001,5.44E-1,
1.042000E+001,5.44E-1,
1.043000E+001,5.44E-1,
1.044000E+001,5.44E-1,
1.045000E+001,6E-1,
1.046000E+001,6E-1,
1.047000E+001,6E-1,
1.048000E+001,6.32E-1,
1.049000E+001,6E-1,
1.050000E+001,6E-1,
1.051000E+001,6.04E-1,
1.052000E+001,6.04E-1,
1.053000E+001,6E-1,
1.054000E+001,6.04E-1,
1.055000E+001,6.04E-1,
1.056000E+001,5.48E-1,
1.057000E+001,5.48E-1,
1.058000E+001,5.52E-1,
1.059000E+001,5.48E-1,
1.060000E+001,5.52E-1,
1.061000E+001,5.48E-1,
1.062000E+001,5.52E-1,
1.063000E+001,5.52E-1,
1.064000E+001,5.52E-1,
1.065000E+001,5.48E-1,
1.066000E+001,6.04E-1,
1.067000E+001,6.04E-1,
1.068000E+001,6.04E-1,
1.069000E+001,6.04E-1,
1.070000E+001,6.04E-1,
1.071000E+001,6.04E-1,
1.072000E+001,6.08E-1,
1.073000E+001,6.04E-1,
1.074000E+001,6.04E-1,
1.075000E+001,6.04E-1,
1.076000E+001,5.56E-1,
1.077000E+001,5.52E-1,
1.078000E+001,5.6E-1,
1.079000E+001,5.6E-1,
1.080000E+001,5.56E-1,
1.081000E+001,5.56E-1,
1.082000E+001,5.56E-1,
1.083000E+001,5.52E-1,
1.084000E+001,5.56E-1,
1.085000E+001,5.56E-1,
1.086000E+001,6.04E-1,
1.087000E+001,6.08E-1,
1.088000E+001,6.04E-1,
1.089000E+001,6.16E-1,
1.090000E+001,6.12E-1,
1.091000E+001,6.12E-1,
1.092000E+001,6.08E-1,
1.093000E+001,6.08E-1,
1.094000E+001,6.04E-1,
1.095000E+001,5.64E-1,
1.096000E+001,5.64E-1,
1.097000E+001,5.6E-1,
1.098000E+001,5.6E-1,
1.099000E+001,5.6E-1,
1.100000E+001,5.56E-1,
1.101000E+001,5.56E-1,
1.102000E+001,5.56E-1,
1.103000E+001,5.6E-1,
1.104000E+001,5.56E-1,
1.105000E+001,5.56E-1,
1.106000E+001,6.08E-1,
1.107000E+001,6.16E-1,
1.108000E+001,6.16E-1,
1.109000E+001,6.16E-1,
1.110000E+001,6.16E-1,
1.111000E+001,6.12E-1,
1.112000E+001,6.12E-1,
1.113000E+001,6.12E-1,
1.114000E+001,6.16E-1,
1.115000E+001,6.16E-1,
1.116000E+001,5.68E-1,
1.117000E+001,5.64E-1,
1.118000E+001,5.64E-1,
1.119000E+001,5.64E-1,
1.120000E+001,5.64E-1,
1.121000E+001,5.72E-1,
1.122000E+001,5.64E-1,
1.123000E+001,5.64E-1,
1.124000E+001,5.64E-1,
1.125000E+001,5.68E-1,
1.126000E+001,6.16E-1,
1.127000E+001,6.16E-1,
1.128000E+001,6.2E-1,
1.129000E+001,6.2E-1,
1.130000E+001,6.2E-1,
1.131000E+001,6.2E-1,
1.132000E+001,6.16E-1,
1.133000E+001,6.2E-1,
1.134000E+001,6.2E-1,
1.135000E+001,6.2E-1,
1.136000E+001,5.72E-1,
1.137000E+001,5.72E-1,
1.138000E+001,5.72E-1,
1.139000E+001,5.72E-1,
1.140000E+001,5.68E-1,
1.141000E+001,5.68E-1,
1.142000E+001,5.72E-1,
1.143000E+001,5.72E-1,
1.144000E+001,5.72E-1,
1.145000E+001,5.72E-1,
1.146000E+001,6.24E-1,
1.147000E+001,6.24E-1,
1.148000E+001,6.2E-1,
1.149000E+001,6.24E-1,
1.150000E+001,6.24E-1,
1.151000E+001,6.2E-1,
1.152000E+001,6.2E-1,
1.153000E+001,6.24E-1,
1.154000E+001,6.2E-1,
1.155000E+001,6.24E-1,
1.156000E+001,6.32E-1,
1.157000E+001,5.76E-1,
1.158000E+001,5.76E-1,
1.159000E+001,5.8E-1,
1.160000E+001,5.76E-1,
1.161000E+001,5.76E-1,
1.162000E+001,5.72E-1,
1.163000E+001,5.72E-1,
1.164000E+001,5.72E-1,
1.165000E+001,5.8E-1,
1.166000E+001,5.76E-1,
1.167000E+001,6.28E-1,
1.168000E+001,6.32E-1,
1.169000E+001,6.32E-1,
1.170000E+001,6.24E-1,
1.171000E+001,6.28E-1,
1.172000E+001,6.28E-1,
1.173000E+001,6.32E-1,
1.174000E+001,6.32E-1,
1.175000E+001,6.28E-1,
1.176000E+001,6.28E-1,
1.177000E+001,5.8E-1,
1.178000E+001,5.8E-1,
1.179000E+001,5.8E-1,
1.180000E+001,5.8E-1,
1.181000E+001,7.08E-1,
1.182000E+001,5.8E-1,
1.183000E+001,5.84E-1,
1.184000E+001,5.8E-1,
1.185000E+001,5.8E-1,
1.186000E+001,5.8E-1,
1.187000E+001,6.28E-1,
1.188000E+001,6.32E-1,
1.189000E+001,6.36E-1,
1.190000E+001,6.32E-1,
1.191000E+001,6.32E-1,
1.192000E+001,6.36E-1,
1.193000E+001,6.32E-1,
1.194000E+001,6.32E-1,
1.195000E+001,6.36E-1,
1.196000E+001,5.84E-1,
1.197000E+001,5.84E-1,
1.198000E+001,5.84E-1,
1.199000E+001,5.84E-1,
1.200000E+001,5.84E-1,
1.201000E+001,5.84E-1,
1.202000E+001,5.84E-1,
1.203000E+001,5.84E-1,
1.204000E+001,5.8E-1,
1.205000E+001,5.84E-1,
1.206000E+001,5.88E-1,
1.207000E+001,6.36E-1,
1.208000E+001,6.36E-1,
1.209000E+001,7.88E-1,
1.210000E+001,6.4E-1,
1.211000E+001,6.32E-1,
1.212000E+001,6.36E-1,
1.213000E+001,6.4E-1,
1.214000E+001,6.4E-1,
1.215000E+001,6.4E-1,
1.216000E+001,6.4E-1,
1.217000E+001,5.88E-1,
1.218000E+001,5.88E-1,
1.219000E+001,5.88E-1,
1.220000E+001,5.92E-1,
1.221000E+001,5.88E-1,
1.222000E+001,7.32E-1,
1.223000E+001,5.88E-1,
1.224000E+001,5.92E-1,
1.225000E+001,5.92E-1,
1.226000E+001,5.88E-1,
1.227000E+001,6.4E-1,
1.228000E+001,6.36E-1,
1.229000E+001,6.44E-1,
1.230000E+001,6.44E-1,
1.231000E+001,6.44E-1,
1.232000E+001,6.48E-1,
1.233000E+001,6.44E-1,
1.234000E+001,6.44E-1,
1.235000E+001,6.44E-1,
1.236000E+001,6.44E-1,
1.237000E+001,5.92E-1,
1.238000E+001,6E-1,
1.239000E+001,5.96E-1,
1.240000E+001,5.92E-1,
1.241000E+001,5.92E-1,
1.242000E+001,5.96E-1,
1.243000E+001,5.96E-1,
1.244000E+001,5.96E-1,
1.245000E+001,5.96E-1,
1.246000E+001,6.44E-1,
1.247000E+001,6.44E-1,
1.248000E+001,6.52E-1,
1.249000E+001,6.52E-1,
1.250000E+001,6.52E-1,
1.251000E+001,6.52E-1,
1.252000E+001,6.52E-1,
1.253000E+001,6.48E-1,
1.254000E+001,6.48E-1,
1.255000E+001,6.52E-1,
1.256000E+001,6.52E-1,
1.257000E+001,6.04E-1,
1.258000E+001,6.04E-1,
1.259000E+001,6.04E-1,
1.260000E+001,6.04E-1,
1.261000E+001,6.04E-1,
1.262000E+001,6E-1,
1.263000E+001,6E-1,
1.264000E+001,6E-1,
1.265000E+001,6E-1,
1.266000E+001,6.04E-1,
1.267000E+001,6.52E-1,
1.268000E+001,6.44E-1,
1.269000E+001,6.44E-1,
1.270000E+001,6.52E-1,
1.271000E+001,6.52E-1,
1.272000E+001,6.52E-1,
1.273000E+001,6.56E-1,
1.274000E+001,6.52E-1,
1.275000E+001,6.52E-1,
1.276000E+001,6.56E-1,
1.277000E+001,6.24E-1,
1.278000E+001,6.08E-1,
1.279000E+001,6.04E-1,
1.280000E+001,6.04E-1,
1.281000E+001,6.04E-1,
1.282000E+001,6.04E-1,
1.283000E+001,6.04E-1,
1.284000E+001,6.08E-1,
1.285000E+001,6.04E-1,
1.286000E+001,6.04E-1,
1.287000E+001,6.04E-1,
1.288000E+001,6.56E-1,
1.289000E+001,6.56E-1,
1.290000E+001,6.56E-1,
1.291000E+001,6.6E-1,
1.292000E+001,6.6E-1,
1.293000E+001,6.56E-1,
1.294000E+001,6.56E-1,
1.295000E+001,6.56E-1,
1.296000E+001,6.64E-1,
1.297000E+001,6.64E-1,
1.298000E+001,6.12E-1,
1.299000E+001,6.08E-1,
1.300000E+001,6.08E-1,
1.301000E+001,6.08E-1,
1.302000E+001,6.08E-1,
1.303000E+001,6.08E-1,
1.304000E+001,6.08E-1,
1.305000E+001,6.12E-1,
1.306000E+001,6.12E-1,
1.307000E+001,6.64E-1,
1.308000E+001,6.64E-1,
1.309000E+001,6.6E-1,
1.310000E+001,6.64E-1,
1.311000E+001,6.6E-1,
1.312000E+001,6.6E-1,
1.313000E+001,6.64E-1,
1.314000E+001,6.64E-1,
1.315000E+001,6.64E-1,
1.316000E+001,6.6E-1,
1.317000E+001,6.68E-1,
1.318000E+001,6.16E-1,
1.319000E+001,6.16E-1,
1.320000E+001,6.16E-1,
1.321000E+001,6.16E-1,
1.322000E+001,6.08E-1,
1.323000E+001,6.16E-1,
1.324000E+001,6.16E-1,
1.325000E+001,6.16E-1,
1.326000E+001,6.12E-1,
1.327000E+001,6.16E-1,
1.328000E+001,6.68E-1,
1.329000E+001,6.68E-1,
1.330000E+001,6.72E-1,
1.331000E+001,6.72E-1,
1.332000E+001,6.68E-1,
1.333000E+001,6.68E-1,
1.334000E+001,6.72E-1,
1.335000E+001,6.68E-1,
1.336000E+001,6.68E-1,
1.337000E+001,6.76E-1,
1.338000E+001,6.2E-1,
1.339000E+001,6.2E-1,
1.340000E+001,6.2E-1,
1.341000E+001,6.2E-1,
1.342000E+001,6.2E-1,
1.343000E+001,6.24E-1,
1.344000E+001,6.24E-1,
1.345000E+001,7.4E-1,
1.346000E+001,6.2E-1,
1.347000E+001,6.76E-1,
1.348000E+001,6.76E-1,
1.349000E+001,6.76E-1,
1.350000E+001,6.76E-1,
1.351000E+001,6.72E-1,
1.352000E+001,6.76E-1,
1.353000E+001,6.76E-1,
1.354000E+001,6.76E-1,
1.355000E+001,6.76E-1,
1.356000E+001,6.76E-1,
1.357000E+001,6.72E-1,
1.358000E+001,6.24E-1,
1.359000E+001,6.24E-1,
1.360000E+001,6.28E-1,
1.361000E+001,6.24E-1,
1.362000E+001,6.24E-1,
1.363000E+001,6.24E-1,
1.364000E+001,6.24E-1,
1.365000E+001,6.24E-1,
1.366000E+001,6.28E-1,
1.367000E+001,6.24E-1,
1.368000E+001,6.76E-1,
1.369000E+001,6.8E-1,
1.370000E+001,6.8E-1,
1.371000E+001,6.8E-1,
1.372000E+001,6.8E-1,
1.373000E+001,6.8E-1,
1.374000E+001,6.84E-1,
1.375000E+001,6.76E-1,
1.376000E+001,6.76E-1,
1.377000E+001,6.84E-1,
1.378000E+001,6.28E-1,
1.379000E+001,6.32E-1,
1.380000E+001,6.28E-1,
1.381000E+001,6.28E-1,
1.382000E+001,6.28E-1,
1.383000E+001,6.28E-1,
1.384000E+001,6.32E-1,
1.385000E+001,6.28E-1,
1.386000E+001,6.28E-1,
1.387000E+001,6.28E-1,
1.388000E+001,6.88E-1,
1.389000E+001,6.84E-1,
1.390000E+001,6.88E-1,
1.391000E+001,6.84E-1,
1.392000E+001,6.84E-1,
1.393000E+001,6.84E-1,
1.394000E+001,6.88E-1,
1.395000E+001,6.84E-1,
1.396000E+001,6.84E-1,
1.397000E+001,6.36E-1,
1.398000E+001,6.36E-1,
1.399000E+001,6.36E-1,
1.400000E+001,6.36E-1,
1.401000E+001,6.36E-1,
1.402000E+001,6.36E-1,
1.403000E+001,6.36E-1,
1.404000E+001,6.32E-1,
1.405000E+001,6.32E-1,
1.406000E+001,6.36E-1,
1.407000E+001,6.36E-1,
1.408000E+001,6.92E-1,
1.409000E+001,6.92E-1,
1.410000E+001,6.92E-1,
1.411000E+001,6.92E-1,
1.412000E+001,6.92E-1,
1.413000E+001,6.96E-1,
1.414000E+001,6.88E-1,
1.415000E+001,6.88E-1,
1.416000E+001,6.88E-1,
1.417000E+001,6.88E-1,
1.418000E+001,6.96E-1,
1.419000E+001,6.4E-1,
1.420000E+001,6.4E-1,
1.421000E+001,6.36E-1,
1.422000E+001,6.36E-1,
1.423000E+001,6.36E-1,
1.424000E+001,6.4E-1,
1.425000E+001,6.4E-1,
1.426000E+001,6.4E-1,
1.427000E+001,6.36E-1,
1.428000E+001,6.4E-1,
1.429000E+001,6.96E-1,
1.430000E+001,7E-1,
1.431000E+001,7E-1,
1.432000E+001,7E-1,
1.433000E+001,6.92E-1,
1.434000E+001,6.96E-1,
1.435000E+001,7E-1,
1.436000E+001,7.52E-1,
1.437000E+001,7.52E-1,
1.438000E+001,6.96E-1,
1.439000E+001,6.48E-1,
1.440000E+001,6.44E-1,
1.441000E+001,6.44E-1,
1.442000E+001,6.44E-1,
1.443000E+001,6.48E-1,
1.444000E+001,6.44E-1,
1.445000E+001,6.44E-1,
1.446000E+001,6.44E-1,
1.447000E+001,6.48E-1,
1.448000E+001,6.48E-1,
1.449000E+001,7E-1,
1.450000E+001,7E-1,
1.451000E+001,6.96E-1,
1.452000E+001,7E-1,
1.453000E+001,7.04E-1,
1.454000E+001,7.04E-1,
1.455000E+001,7.04E-1,
1.456000E+001,7E-1,
1.457000E+001,7E-1,
1.458000E+001,6.52E-1,
1.459000E+001,6.52E-1,
1.460000E+001,6.52E-1,
1.461000E+001,6.48E-1,
1.462000E+001,6.44E-1,
1.463000E+001,6.52E-1,
1.464000E+001,6.52E-1,
1.465000E+001,6.52E-1,
1.466000E+001,6.52E-1,
1.467000E+001,6.52E-1,
1.468000E+001,6.48E-1,
1.469000E+001,7E-1,
1.470000E+001,7E-1,
1.471000E+001,7.04E-1,
1.472000E+001,7.08E-1,
1.473000E+001,7.04E-1,
1.474000E+001,7.04E-1,
1.475000E+001,7.04E-1,
1.476000E+001,7.04E-1,
1.477000E+001,7.04E-1,
1.478000E+001,8.36E-1,
1.479000E+001,6.56E-1,
1.480000E+001,6.56E-1,
1.481000E+001,6.56E-1,
1.482000E+001,6.56E-1,
1.483000E+001,6.56E-1,
1.484000E+001,6.52E-1,
1.485000E+001,6.52E-1,
1.486000E+001,6.52E-1,
1.487000E+001,6.52E-1,
1.488000E+001,6.56E-1,
1.489000E+001,7.12E-1,
1.490000E+001,7.12E-1,
1.491000E+001,7.08E-1,
1.492000E+001,7.08E-1,
1.493000E+001,7.08E-1,
1.494000E+001,7.12E-1,
1.495000E+001,7.16E-1,
1.496000E+001,7.16E-1,
1.497000E+001,7.12E-1,
1.498000E+001,7.12E-1,
1.499000E+001,6.6E-1,
1.500000E+001,6.56E-1,
1.501000E+001,6.56E-1,
1.502000E+001,6.6E-1,
1.503000E+001,6.64E-1,
1.504000E+001,6.64E-1,
1.505000E+001,6.6E-1,
1.506000E+001,6.6E-1,
1.507000E+001,6.64E-1,
1.508000E+001,6.6E-1,
1.509000E+001,7.12E-1,
1.510000E+001,7.12E-1,
1.511000E+001,7.16E-1,
1.512000E+001,7.16E-1,
1.513000E+001,7.2E-1,
1.514000E+001,7.16E-1,
1.515000E+001,7.16E-1,
1.516000E+001,7.12E-1,
1.517000E+001,7.16E-1,
1.518000E+001,7.2E-1,
1.519000E+001,8.2E-1,
1.520000E+001,6.64E-1,
1.521000E+001,6.64E-1,
1.522000E+001,6.68E-1,
1.523000E+001,6.64E-1,
1.524000E+001,6.68E-1,
1.525000E+001,6.6E-1,
1.526000E+001,6.6E-1,
1.527000E+001,6.64E-1,
1.528000E+001,6.64E-1,
1.529000E+001,7.2E-1,
1.530000E+001,7.16E-1,
1.531000E+001,7.2E-1,
1.532000E+001,7.2E-1,
1.533000E+001,7.16E-1,
1.534000E+001,7.24E-1,
1.535000E+001,7.2E-1,
1.536000E+001,7.24E-1,
1.537000E+001,7.24E-1,
1.538000E+001,7.2E-1,
1.539000E+001,6.8E-1,
1.540000E+001,6.72E-1,
1.541000E+001,6.72E-1,
1.542000E+001,6.68E-1,
1.543000E+001,6.68E-1,
1.544000E+001,6.68E-1,
1.545000E+001,6.68E-1,
1.546000E+001,6.72E-1,
1.547000E+001,6.72E-1,
1.548000E+001,6.72E-1,
1.549000E+001,6.68E-1,
1.550000E+001,7.24E-1,
1.551000E+001,7.16E-1,
1.552000E+001,7.24E-1,
1.553000E+001,7.28E-1,
1.554000E+001,7.28E-1,
1.555000E+001,7.28E-1,
1.556000E+001,7.24E-1,
1.557000E+001,7.24E-1,
1.558000E+001,7.24E-1,
1.559000E+001,8.32E-1,
1.560000E+001,8.32E-1,
1.561000E+001,6.76E-1,
1.562000E+001,6.76E-1,
1.563000E+001,6.76E-1,
1.564000E+001,6.8E-1,
1.565000E+001,6.8E-1,
1.566000E+001,6.8E-1,
1.567000E+001,6.76E-1,
1.568000E+001,6.76E-1,
1.569000E+001,6.72E-1,
1.570000E+001,7.32E-1,
1.571000E+001,7.32E-1,
1.572000E+001,7.32E-1,
1.573000E+001,7.28E-1,
1.574000E+001,7.28E-1,
1.575000E+001,7.32E-1,
1.576000E+001,7.32E-1,
1.577000E+001,7.32E-1,
1.578000E+001,7.32E-1,
1.579000E+001,7.32E-1,
1.580000E+001,6.84E-1,
1.581000E+001,6.8E-1,
1.582000E+001,6.8E-1,
1.583000E+001,6.84E-1,
1.584000E+001,6.76E-1,
1.585000E+001,6.8E-1,
1.586000E+001,6.8E-1,
1.587000E+001,6.8E-1,
1.588000E+001,6.8E-1,
1.589000E+001,6.84E-1,
1.590000E+001,7.32E-1,
1.591000E+001,7.32E-1,
1.592000E+001,7.32E-1,
1.593000E+001,7.32E-1,
1.594000E+001,7.36E-1,
1.595000E+001,7.36E-1,
1.596000E+001,7.4E-1,
1.597000E+001,7.36E-1,
1.598000E+001,7.32E-1,
1.599000E+001,7.32E-1,
1.600000E+001,6.84E-1,
1.601000E+001,8.44E-1,
1.602000E+001,6.84E-1,
1.603000E+001,6.84E-1,
1.604000E+001,6.84E-1,
1.605000E+001,6.84E-1,
1.606000E+001,6.84E-1,
1.607000E+001,6.88E-1,
1.608000E+001,6.84E-1,
1.609000E+001,7.36E-1,
1.610000E+001,7.36E-1,
1.611000E+001,7.4E-1,
1.612000E+001,7.4E-1,
1.613000E+001,7.4E-1,
1.614000E+001,7.36E-1,
1.615000E+001,7.36E-1,
1.616000E+001,7.36E-1,
1.617000E+001,7.44E-1,
1.618000E+001,7.44E-1,
1.619000E+001,7.4E-1,
1.620000E+001,6.88E-1,
1.621000E+001,6.88E-1,
1.622000E+001,6.92E-1,
1.623000E+001,6.88E-1,
1.624000E+001,6.92E-1,
1.625000E+001,6.88E-1,
1.626000E+001,6.88E-1,
1.627000E+001,6.88E-1,
1.628000E+001,6.88E-1,
1.629000E+001,6.88E-1,
1.630000E+001,7.48E-1,
1.631000E+001,7.4E-1,
1.632000E+001,7.4E-1,
1.633000E+001,7.4E-1,
1.634000E+001,7.48E-1,
1.635000E+001,7.48E-1,
1.636000E+001,7.48E-1,
1.637000E+001,7.4E-1,
1.638000E+001,7.4E-1,
1.639000E+001,7.44E-1,
1.640000E+001,7E-1,
1.641000E+001,7E-1,
1.642000E+001,7E-1,
1.643000E+001,7E-1,
1.644000E+001,6.96E-1,
1.645000E+001,6.96E-1,
1.646000E+001,6.96E-1,
1.647000E+001,6.96E-1,
1.648000E+001,6.96E-1,
1.649000E+001,6.96E-1,
1.650000E+001,7.48E-1,
1.651000E+001,7.52E-1,
1.652000E+001,7.8E-1,
1.653000E+001,7.56E-1,
1.654000E+001,7.56E-1,
1.655000E+001,7.44E-1,
1.656000E+001,7.52E-1,
1.657000E+001,7.48E-1,
1.658000E+001,7.48E-1,
1.659000E+001,7E-1,
1.660000E+001,7E-1,
1.661000E+001,7E-1,
1.662000E+001,7.04E-1,
1.663000E+001,7E-1,
1.664000E+001,7E-1,
1.665000E+001,7.04E-1,
1.666000E+001,7.04E-1,
1.667000E+001,7E-1,
1.668000E+001,7E-1,
1.669000E+001,7E-1,
1.670000E+001,7.56E-1,
1.671000E+001,7.56E-1,
1.672000E+001,7.52E-1,
1.673000E+001,7.52E-1,
1.674000E+001,7.52E-1,
1.675000E+001,7.52E-1,
1.676000E+001,7.6E-1,
1.677000E+001,7.6E-1,
1.678000E+001,7.56E-1,
1.679000E+001,7.56E-1,
1.680000E+001,7.56E-1,
1.681000E+001,7.08E-1,
1.682000E+001,7.08E-1,
1.683000E+001,7.04E-1,
1.684000E+001,7.04E-1,
1.685000E+001,7.04E-1,
1.686000E+001,7.04E-1,
1.687000E+001,7.04E-1,
1.688000E+001,7.04E-1,
1.689000E+001,7.08E-1,
1.690000E+001,7.08E-1,
1.691000E+001,7.56E-1,
1.692000E+001,8.8E-1,
1.693000E+001,8.8E-1,
1.694000E+001,7.64E-1,
1.695000E+001,7.68E-1,
1.696000E+001,7.64E-1,
1.697000E+001,7.6E-1,
1.698000E+001,7.6E-1,
1.699000E+001,7.6E-1,
1.700000E+001,7.64E-1,
1.701000E+001,7.12E-1,
1.702000E+001,7.16E-1,
1.703000E+001,7.12E-1,
1.704000E+001,7.12E-1,
1.705000E+001,7.08E-1,
1.706000E+001,7.12E-1,
1.707000E+001,7.12E-1,
1.708000E+001,7.12E-1,
1.709000E+001,7.16E-1,
1.710000E+001,7.16E-1,
1.711000E+001,7.64E-1,
1.712000E+001,7.64E-1,
1.713000E+001,7.64E-1,
1.714000E+001,7.64E-1,
1.715000E+001,7.64E-1,
1.716000E+001,7.64E-1,
1.717000E+001,7.68E-1,
1.718000E+001,7.68E-1,
1.719000E+001,7.64E-1,
1.720000E+001,7.2E-1,
1.721000E+001,7.2E-1,
1.722000E+001,7.16E-1,
1.723000E+001,7.2E-1,
1.724000E+001,7.16E-1,
1.725000E+001,7.16E-1,
1.726000E+001,7.16E-1,
1.727000E+001,7.16E-1,
1.728000E+001,7.16E-1,
1.729000E+001,7.16E-1,
1.730000E+001,7.16E-1,
1.731000E+001,7.64E-1,
1.732000E+001,7.64E-1,
1.733000E+001,7.72E-1,
1.734000E+001,9.2E-1,
1.735000E+001,7.72E-1,
1.736000E+001,7.72E-1,
1.737000E+001,7.72E-1,
1.738000E+001,7.72E-1,
1.739000E+001,7.72E-1,
1.740000E+001,7.76E-1,
1.741000E+001,7.24E-1,
1.742000E+001,7.16E-1,
1.743000E+001,7.2E-1,
1.744000E+001,7.2E-1,
1.745000E+001,7.24E-1,
1.746000E+001,7.24E-1,
1.747000E+001,7.24E-1,
1.748000E+001,7.2E-1,
1.749000E+001,7.2E-1,
1.750000E+001,7.2E-1,
1.751000E+001,7.2E-1,
1.752000E+001,7.2E-1,
1.753000E+001,7.24E-1,
1.754000E+001,7.2E-1,
1.755000E+001,7.2E-1,
1.756000E+001,7.2E-1,
1.757000E+001,7.2E-1,
1.758000E+001,7.2E-1,
1.759000E+001,7.2E-1,
1.760000E+001,7.2E-1,
1.761000E+001,7.2E-1,
1.762000E+001,7.2E-1,
1.763000E+001,7.2E-1,
1.764000E+001,7.24E-1,
1.765000E+001,7.16E-1,
1.766000E+001,7.16E-1,
1.767000E+001,7.16E-1,
1.768000E+001,7.2E-1,
1.769000E+001,7.2E-1,
1.770000E+001,7.24E-1,
1.771000E+001,7.24E-1,
1.772000E+001,7.24E-1,
1.773000E+001,7.2E-1,
1.774000E+001,7.16E-1,
1.775000E+001,8.72E-1,
1.776000E+001,7.24E-1,
1.777000E+001,7.24E-1,
1.778000E+001,7.2E-1,
1.779000E+001,7.16E-1,
1.780000E+001,7.2E-1,
1.781000E+001,7.24E-1,
1.782000E+001,7.24E-1,
1.783000E+001,7.24E-1,
1.784000E+001,7.2E-1,
1.785000E+001,7.2E-1,
1.786000E+001,7.2E-1,
1.787000E+001,7.2E-1,
1.788000E+001,7.2E-1,
1.789000E+001,7.2E-1,
1.790000E+001,7.2E-1,
1.791000E+001,7.2E-1,
1.792000E+001,7.2E-1,
1.793000E+001,7.2E-1,
1.794000E+001,7.2E-1,
1.795000E+001,7.2E-1,
1.796000E+001,7.2E-1,
1.797000E+001,7.2E-1,
1.798000E+001,7.2E-1,
1.799000E+001,7.2E-1,
1.800000E+001,7.2E-1,
1.801000E+001,7.24E-1,
1.802000E+001,7.2E-1,
1.803000E+001,7.16E-1,
1.804000E+001,7.24E-1,
1.805000E+001,7.24E-1,
1.806000E+001,7.24E-1,
1.807000E+001,7.2E-1,
1.808000E+001,7.2E-1,
1.809000E+001,7.24E-1,
1.810000E+001,7.24E-1,
1.811000E+001,7.2E-1,
1.812000E+001,7.2E-1,
1.813000E+001,7.2E-1,
1.814000E+001,7.16E-1,
1.815000E+001,8.4E-1,
1.816000E+001,8.4E-1,
1.817000E+001,7.2E-1,
1.818000E+001,7.16E-1,
1.819000E+001,7.2E-1,
1.820000E+001,7.2E-1,
1.821000E+001,7.16E-1,
1.822000E+001,7.16E-1,
1.823000E+001,7.2E-1,
1.824000E+001,7.24E-1,
1.825000E+001,7.24E-1,
1.826000E+001,7.2E-1,
1.827000E+001,7.2E-1,
1.828000E+001,7.2E-1,
1.829000E+001,7.24E-1,
1.830000E+001,7.2E-1,
1.831000E+001,7.2E-1,
1.832000E+001,7.16E-1,
1.833000E+001,7.16E-1,
1.834000E+001,7.2E-1,
1.835000E+001,7.2E-1,
1.836000E+001,7.24E-1,
1.837000E+001,7.16E-1,
1.838000E+001,7.16E-1,
1.839000E+001,7.2E-1,
1.840000E+001,7.24E-1,
1.841000E+001,7.24E-1,
1.842000E+001,7.2E-1,
1.843000E+001,7.16E-1,
1.844000E+001,7.16E-1,
1.845000E+001,7.16E-1,
1.846000E+001,7.2E-1,
1.847000E+001,7.24E-1,
1.848000E+001,7.24E-1,
1.849000E+001,7.2E-1,
1.850000E+001,7.2E-1,
1.851000E+001,7.32E-1,
1.852000E+001,7.16E-1,
1.853000E+001,7.24E-1,
1.854000E+001,7.2E-1,
1.855000E+001,7.2E-1,
1.856000E+001,7.2E-1,
1.857000E+001,7.52E-1,
1.858000E+001,7.24E-1,
1.859000E+001,7.2E-1,
1.860000E+001,7.2E-1,
1.861000E+001,7.2E-1,
1.862000E+001,7.24E-1,
1.863000E+001,7.24E-1,
1.864000E+001,7.2E-1,
1.865000E+001,7.16E-1,
1.866000E+001,7.16E-1,
1.867000E+001,7.2E-1,
1.868000E+001,7.2E-1,
1.869000E+001,7.2E-1,
1.870000E+001,7.2E-1,
1.871000E+001,7.2E-1,
1.872000E+001,7.2E-1,
1.873000E+001,7.2E-1,
1.874000E+001,7.2E-1,
1.875000E+001,7.2E-1,
1.876000E+001,7.2E-1,
1.877000E+001,7.2E-1,
1.878000E+001,7.16E-1,
1.879000E+001,7.2E-1,
1.880000E+001,7.2E-1,
1.881000E+001,7.2E-1,
1.882000E+001,7.2E-1,
1.883000E+001,7.2E-1,
1.884000E+001,7.2E-1,
1.885000E+001,7.24E-1,
1.886000E+001,7.2E-1,
1.887000E+001,7.2E-1,
1.888000E+001,7.24E-1,
1.889000E+001,7.24E-1,
1.890000E+001,7.24E-1,
1.891000E+001,7.28E-1,
1.892000E+001,3.32E-1,
1.893000E+001,4.88E-1,
1.894000E+001,4.88E-1,
1.895000E+001,5.04E-1,
1.896000E+001,5.04E-1,
1.897000E+001,5.04E-1,
1.898000E+001,5.28E-1,
1.899000E+001,5.08E-1,
1.900000E+001,5.08E-1,
1.901000E+001,5.08E-1,
1.902000E+001,4.6E-1,
1.903000E+001,4.6E-1,
1.904000E+001,4.56E-1,
1.905000E+001,4.56E-1,
1.906000E+001,4.52E-1,
1.907000E+001,4.56E-1,
1.908000E+001,4.64E-1,
1.909000E+001,4.6E-1,
1.910000E+001,4.6E-1,
1.911000E+001,4.6E-1,
1.912000E+001,4.6E-1,
1.913000E+001,5.08E-1,
1.914000E+001,5.12E-1,
1.915000E+001,5.12E-1,
1.916000E+001,5.12E-1,
1.917000E+001,5.12E-1,
1.918000E+001,5.12E-1,
1.919000E+001,5.12E-1,
1.920000E+001,5.12E-1,
1.921000E+001,5.12E-1,
1.922000E+001,5.12E-1,
1.923000E+001,4.6E-1,
1.924000E+001,4.6E-1,
1.925000E+001,4.64E-1,
1.926000E+001,4.6E-1,
1.927000E+001,4.6E-1,
1.928000E+001,4.6E-1,
1.929000E+001,4.64E-1,
1.930000E+001,4.64E-1,
1.931000E+001,4.6E-1,
1.932000E+001,5.08E-1,
1.933000E+001,5.08E-1,
1.934000E+001,5.16E-1,
1.935000E+001,5.16E-1,
1.936000E+001,5.16E-1,
1.937000E+001,5.12E-1,
1.938000E+001,5.16E-1,
1.939000E+001,5.16E-1,
1.940000E+001,5.16E-1,
1.941000E+001,5.16E-1,
1.942000E+001,5.16E-1,
1.943000E+001,4.64E-1,
1.944000E+001,4.68E-1,
1.945000E+001,4.68E-1,
1.946000E+001,4.64E-1,
1.947000E+001,4.64E-1,
1.948000E+001,4.68E-1,
1.949000E+001,4.6E-1,
1.950000E+001,4.6E-1,
1.951000E+001,4.64E-1,
1.952000E+001,4.64E-1,
1.953000E+001,5.16E-1,
1.954000E+001,5.16E-1,
1.955000E+001,5.16E-1,
1.956000E+001,5.16E-1,
1.957000E+001,5.2E-1,
1.958000E+001,5.2E-1,
1.959000E+001,5.24E-1,
1.960000E+001,5.2E-1,
1.961000E+001,5.2E-1,
1.962000E+001,5.16E-1,
1.963000E+001,4.72E-1,
1.964000E+001,4.72E-1,
1.965000E+001,4.76E-1,
1.966000E+001,4.72E-1,
1.967000E+001,4.72E-1,
1.968000E+001,4.76E-1,
1.969000E+001,4.72E-1,
1.970000E+001,4.76E-1,
1.971000E+001,4.72E-1,
1.972000E+001,4.72E-1,
1.973000E+001,5.2E-1,
1.974000E+001,5.24E-1,
1.975000E+001,5.24E-1,
1.976000E+001,5.24E-1,
1.977000E+001,5.24E-1,
1.978000E+001,5.24E-1,
1.979000E+001,5.28E-1,
1.980000E+001,5.2E-1,
1.981000E+001,5.24E-1,
1.982000E+001,4.8E-1,
1.983000E+001,4.8E-1,
1.984000E+001,4.76E-1,
1.985000E+001,4.72E-1,
1.986000E+001,4.76E-1,
1.987000E+001,4.76E-1,
1.988000E+001,4.76E-1,
1.989000E+001,4.76E-1,
1.990000E+001,6.04E-1,
1.991000E+001,4.76E-1,
1.992000E+001,4.76E-1,
1.993000E+001,5.28E-1,
1.994000E+001,5.28E-1,
1.995000E+001,5.28E-1,
1.996000E+001,5.28E-1,
1.997000E+001,5.28E-1,
1.998000E+001,5.28E-1,
1.999000E+001,5.28E-1,
